CCN,Facility,Street,City,State,ZIP,Transplant Program Type Code,Transplant Program Type,Original Participation Date,Effective Date,Program Recertification Date,OPTN Code,Original Program?
019800,UNIVERSITY OF ALABAMA HOSPITAL,619 SOUTH 19TH STREET,BIRMINGHAM,AL,35233,AHL,Adult Heart Lung,1/14/2009,1/14/2009,8/1/2008,ALUA,N
019800,UNIVERSITY OF ALABAMA HOSPITAL,619 SOUTH 19TH STREET,BIRMINGHAM,AL,35233,AHO,Adult Heart Only,7/9/2009,7/9/2009,8/1/2008,ALUA,N
019800,UNIVERSITY OF ALABAMA HOSPITAL,619 SOUTH 19TH STREET,BIRMINGHAM,AL,35233,AKO,Adult Kidney Only,7/9/2009,7/9/2009,8/1/2008,ALUA,N
019800,UNIVERSITY OF ALABAMA HOSPITAL,619 SOUTH 19TH STREET,BIRMINGHAM,AL,35233,ALI,Adult Liver Only,7/9/2009,7/9/2009,8/1/2008,ALUA,N
019800,UNIVERSITY OF ALABAMA HOSPITAL,619 SOUTH 19TH STREET,BIRMINGHAM,AL,35233,ALO,Adult Lung Only,1/14/2009,1/14/2009,8/1/2008,ALUA,N
019800,UNIVERSITY OF ALABAMA HOSPITAL,619 SOUTH 19TH STREET,BIRMINGHAM,AL,35233,APA,Adult Pancreas,12/11/2008,12/11/2008,8/1/2008,ALUA,N
019801,CHILDREN'S HOSPITAL OF ALABAMA,1600 SEVENTH AVENUE SOUTH,BIRMINGHAM,AL,35233,PHO,Pediatric Heart Only,6/21/2013,6/21/2013,5/1/2013,ALCH,N
019801,CHILDREN'S HOSPITAL OF ALABAMA,1600 SEVENTH AVENUE SOUTH,BIRMINGHAM,AL,35233,PKO,Pediatric Kidney Only,6/21/2013,6/21/2013,5/1/2013,ALCH,N
019801,CHILDREN'S HOSPITAL OF ALABAMA,1600 SEVENTH AVENUE SOUTH,BIRMINGHAM,AL,35233,PLI,Pediatric Liver,6/21/2013,6/21/2013,5/1/2013,ALCH,N
039800,BANNER UNIVERSITY MEDICAL CTR AT THE AZ HEALTH SC,1501 NORTH CAMPBELL AVENUE,TUCSON,AZ,85724,AHO,Adult Heart Only,10/17/1986,7/24/2009,6/22/2022,AZUA,Y
039800,BANNER UNIVERSITY MEDICAL CTR AT THE AZ HEALTH SC,1501 NORTH CAMPBELL AVENUE,TUCSON,AZ,85724,AHO,Adult Heart Only,7/24/2009,7/24/2009,6/22/2022,AZUA,N
039800,BANNER UNIVERSITY MEDICAL CTR AT THE AZ HEALTH SC,1501 NORTH CAMPBELL AVENUE,TUCSON,AZ,85724,AKO,Adult Kidney Only,8/12/1977,10/16/2008,6/22/2022,AZUA,Y
039800,BANNER UNIVERSITY MEDICAL CTR AT THE AZ HEALTH SC,1501 NORTH CAMPBELL AVENUE,TUCSON,AZ,85724,ALI,Adult Liver Only,3/16/2005,10/16/2008,6/22/2022,AZUA,Y
039800,BANNER UNIVERSITY MEDICAL CTR AT THE AZ HEALTH SC,1501 NORTH CAMPBELL AVENUE,TUCSON,AZ,85724,ALI,Adult Liver Only,10/16/2008,10/16/2008,6/22/2022,AZUA,N
039800,BANNER UNIVERSITY MEDICAL CTR AT THE AZ HEALTH SC,1501 NORTH CAMPBELL AVENUE,TUCSON,AZ,85724,ALO,Adult Lung Only,8/12/1977,10/16/2008,6/22/2022,AZUA,Y
039800,BANNER UNIVERSITY MEDICAL CTR AT THE AZ HEALTH SC,1501 NORTH CAMPBELL AVENUE,TUCSON,AZ,85724,ALO,Adult Lung Only,4/28/2016,4/28/2016,6/22/2022,AZUA,N
039800,BANNER UNIVERSITY MEDICAL CTR AT THE AZ HEALTH SC,1501 NORTH CAMPBELL AVENUE,TUCSON,AZ,85724,APA,Adult Pancreas,8/12/1977,10/16/2008,6/22/2022,AZUA,Y
039801,MAYO CLINIC HOSPITAL,5777 EAST MAYO BOULEVARD,PHOENIX,AZ,85054,AHO,Adult Heart Only,5/4/2007,4/30/2009,10/31/2023,AZMC,Y
039801,MAYO CLINIC HOSPITAL,5777 EAST MAYO BOULEVARD,PHOENIX,AZ,85054,AKO,Adult Kidney Only,12/20/1999,4/30/2009,10/31/2023,AZMC,Y
039801,MAYO CLINIC HOSPITAL,5777 EAST MAYO BOULEVARD,PHOENIX,AZ,85054,ALI,Adult Liver Only,3/8/2001,4/30/2009,10/31/2023,AZMC,Y
039801,MAYO CLINIC HOSPITAL,5777 EAST MAYO BOULEVARD,PHOENIX,AZ,85054,APA,Adult Pancreas,12/20/1999,4/30/2009,10/31/2023,AZMC,Y
039802,BANNER- UNIVERSITY  MEDICAL CENTER PHOENIX,1441 N 12TH,PHOENIX,AZ,85006,AHO,Adult Heart Only,9/14/2020,9/14/2020,9/6/2023,AZGS,N
039802,BANNER- UNIVERSITY  MEDICAL CENTER PHOENIX,1441 N 12TH,PHOENIX,AZ,85006,AKO,Adult Kidney Only,8/12/1977,8/18/2009,9/6/2023,AZGS,Y
039802,BANNER- UNIVERSITY  MEDICAL CENTER PHOENIX,1441 N 12TH,PHOENIX,AZ,85006,ALI,Adult Liver Only,7/5/2002,8/18/2009,9/6/2023,AZGS,Y
039802,BANNER- UNIVERSITY  MEDICAL CENTER PHOENIX,1441 N 12TH,PHOENIX,AZ,85006,APA,Adult Pancreas,8/12/1977,8/18/2009,9/6/2023,AZGS,Y
039803,ST JOSEPH'S HOSPITAL AND MEDICAL CENTER,"350 WEST THOMAS ROAD, SUITE #500",PHOENIX,AZ,85013,AKO,Adult Kidney Only,12/10/2015,12/10/2015,5/3/2023,AZSJ,N
039803,ST JOSEPH'S HOSPITAL AND MEDICAL CENTER,"350 WEST THOMAS ROAD, SUITE #500",PHOENIX,AZ,85013,ALI,Adult Liver Only,12/21/2016,12/21/2016,5/3/2023,AZSJ,N
039803,ST JOSEPH'S HOSPITAL AND MEDICAL CENTER,"350 WEST THOMAS ROAD, SUITE #500",PHOENIX,AZ,85013,ALO,Adult Lung Only,9/17/2009,9/17/2009,5/3/2023,AZSJ,N
039804,PHOENIX CHILDRENS HOSPITAL,1919 EAST THOMAS ROAD,PHOENIX,AZ,85016,PHO,Pediatric Heart Only,10/3/2012,10/3/2012,11/8/2023,AZCH,N
039804,PHOENIX CHILDRENS HOSPITAL,1919 EAST THOMAS ROAD,PHOENIX,AZ,85016,PKO,Pediatric Kidney Only,11/26/2002,4/16/2010,11/8/2023,AZCH,Y
039804,PHOENIX CHILDRENS HOSPITAL,1919 EAST THOMAS ROAD,PHOENIX,AZ,85016,PLI,Pediatric Liver,3/14/2013,3/14/2013,11/8/2023,AZCH,N
049801,ARKANSAS CHILDREN'S HOSPITAL,800 MARSHALL STREET,LITTLE ROCK,AR,72202,PHO,Pediatric Heart Only,2/27/2001,5/28/2009,6/9/2026,ARCH,Y
049801,ARKANSAS CHILDREN'S HOSPITAL,800 MARSHALL STREET,LITTLE ROCK,AR,72202,PKO,Pediatric Kidney Only,1/11/1979,5/28/2009,6/9/2026,ARCH,Y
049802,BAPTIST HEALTH MEDICAL CENTER,"9601 INTERSTATE 630, EXIT 7",LITTLE ROCK,AR,72205,AHO,Adult Heart Only,1/10/2005,1/21/2010,7/15/2022,ARBH,Y
049803,UNIVERSITY OF ARKANSAS MEDICAL SCIENCES-TRANSPLANT,"TRANSPLANT SURGERY SLOT 520-4, 4301 W MARKHAM",LITTLE ROCK,AR,72205,AKO,Adult Kidney Only,9/1/1977,1/20/2010,6/29/2023,ARUA,Y
049803,UNIVERSITY OF ARKANSAS MEDICAL SCIENCES-TRANSPLANT,"TRANSPLANT SURGERY SLOT 520-4, 4301 W MARKHAM",LITTLE ROCK,AR,72205,ALI,Adult Liver Only,4/24/2007,1/20/2010,6/29/2023,ARUA,Y
049803,UNIVERSITY OF ARKANSAS MEDICAL SCIENCES-TRANSPLANT,"TRANSPLANT SURGERY SLOT 520-4, 4301 W MARKHAM",LITTLE ROCK,AR,72205,APA,Adult Pancreas,1/20/2010,1/20/2010,6/29/2023,ARUA,N
059800,SHARP MEMORIAL HOSPITAL-TRANSPLANT,7901 FROST STREET,SAN DIEGO,CA,92123,AHO,Adult Heart Only,9/27/2007,9/27/2007,9/20/2019,CASH,Y
059800,SHARP MEMORIAL HOSPITAL-TRANSPLANT,7901 FROST STREET,SAN DIEGO,CA,92123,AKO,Adult Kidney Only,9/27/2007,9/27/2007,9/20/2019,CASH,Y
059800,SHARP MEMORIAL HOSPITAL-TRANSPLANT,7901 FROST STREET,SAN DIEGO,CA,92123,APA,Adult Pancreas,9/27/2007,9/27/2007,9/20/2019,CASH,Y
059801,CEDARS-SINAI MEDICAL CENTER - TRANSPLANT SERVICES,8700 BEVERLY BOULEVARD,LOS ANGELES,CA,90048,AHL,Adult Heart Lung,12/29/2003,1/14/2008,7/24/2014,CACS,Y
059801,CEDARS-SINAI MEDICAL CENTER - TRANSPLANT SERVICES,8700 BEVERLY BOULEVARD,LOS ANGELES,CA,90048,AHO,Adult Heart Only,2/14/1992,1/14/2008,7/24/2014,CACS,Y
059801,CEDARS-SINAI MEDICAL CENTER - TRANSPLANT SERVICES,8700 BEVERLY BOULEVARD,LOS ANGELES,CA,90048,AKO,Adult Kidney Only,4/14/1989,1/14/2008,7/24/2014,CACS,Y
059801,CEDARS-SINAI MEDICAL CENTER - TRANSPLANT SERVICES,8700 BEVERLY BOULEVARD,LOS ANGELES,CA,90048,ALI,Adult Liver Only,2/14/1992,1/14/2008,7/24/2014,CACS,Y
059801,CEDARS-SINAI MEDICAL CENTER - TRANSPLANT SERVICES,8700 BEVERLY BOULEVARD,LOS ANGELES,CA,90048,ALO,Adult Lung Only,12/29/2005,1/14/2008,7/24/2014,CACS,Y
059801,CEDARS-SINAI MEDICAL CENTER - TRANSPLANT SERVICES,8700 BEVERLY BOULEVARD,LOS ANGELES,CA,90048,APA,Adult Pancreas,4/14/1989,1/14/2008,7/24/2014,CACS,Y
059801,CEDARS-SINAI MEDICAL CENTER - TRANSPLANT SERVICES,8700 BEVERLY BOULEVARD,LOS ANGELES,CA,90048,PKO,Pediatric Kidney Only,4/14/1989,1/14/2008,9/24/2007,CACS,Y
059803,STANFORD HOSPITAL TRANSPLANT,300 PASTEUR DRIVE,STANFORD,CA,94305,AHL,Adult Heart Lung,2/20/2009,2/20/2009,6/30/2016,CASU,N
059803,STANFORD HOSPITAL TRANSPLANT,300 PASTEUR DRIVE,STANFORD,CA,94305,AHO,Adult Heart Only,8/18/2008,8/18/2008,9/11/2025,CASU,Y
059803,STANFORD HOSPITAL TRANSPLANT,300 PASTEUR DRIVE,STANFORD,CA,94305,AIM,Adult Intestine/Multivisceral,1/10/2022,1/10/2022,9/11/2025,CASU,N
059803,STANFORD HOSPITAL TRANSPLANT,300 PASTEUR DRIVE,STANFORD,CA,94305,AKO,Adult Kidney Only,8/18/2009,8/18/2009,9/11/2025,CASU,N
059803,STANFORD HOSPITAL TRANSPLANT,300 PASTEUR DRIVE,STANFORD,CA,94305,ALI,Adult Liver Only,8/18/2008,8/18/2008,9/11/2025,CASU,Y
059803,STANFORD HOSPITAL TRANSPLANT,300 PASTEUR DRIVE,STANFORD,CA,94305,ALO,Adult Lung Only,2/2/1995,2/20/2009,9/11/2025,CASU,Y
059803,STANFORD HOSPITAL TRANSPLANT,300 PASTEUR DRIVE,STANFORD,CA,94305,APA,Adult Pancreas,8/18/2008,8/18/2008,9/11/2025,CASU,Y
059804,LUCILE SALTER PACKARD CHILDREN'S HOSPITAL AT STANF,725 WELCH ROAD,PALO ALTO,CA,94304,PHL,Pediatric Heart Lung,2/2/1995,4/23/2009,12/1/2016,CAPC,Y
059804,LUCILE SALTER PACKARD CHILDREN'S HOSPITAL AT STANF,725 WELCH ROAD,PALO ALTO,CA,94304,PHO,Pediatric Heart Only,4/23/2009,4/23/2009,12/1/2016,CAPC,N
059804,LUCILE SALTER PACKARD CHILDREN'S HOSPITAL AT STANF,725 WELCH ROAD,PALO ALTO,CA,94304,PKO,Pediatric Kidney Only,4/23/2009,4/23/2009,12/1/2016,CAPC,N
059804,LUCILE SALTER PACKARD CHILDREN'S HOSPITAL AT STANF,725 WELCH ROAD,PALO ALTO,CA,94304,PLI,Pediatric Liver,4/23/2009,4/23/2009,12/1/2016,CAPC,N
059804,LUCILE SALTER PACKARD CHILDREN'S HOSPITAL AT STANF,725 WELCH ROAD,PALO ALTO,CA,94304,PLO,Pediatric Lung Only,4/23/2009,4/23/2009,12/1/2016,CAPC,N
059805,RADY CHILDREN'S HOSPITAL SAN DIEGO,"3020 CHILDREN'S WAY, MAIL CODE 5115",SAN DIEGO,CA,92123,PHO,Pediatric Heart Only,10/22/2014,10/22/2014,3/22/2018,CACH,N
059805,RADY CHILDREN'S HOSPITAL SAN DIEGO,"3020 CHILDREN'S WAY, MAIL CODE 5115",SAN DIEGO,CA,92123,PKO,Pediatric Kidney Only,8/22/2001,6/11/2009,3/22/2018,CACH,Y
059806,CALIFORNIA PACIFIC MEDICAL CENTER,1101 VAN NESS AVENUE,SAN FRANCISCO,CA,94109,AHO,Adult Heart Only,3/16/2004,8/12/2009,8/28/2025,CAPM,Y
059806,CALIFORNIA PACIFIC MEDICAL CENTER,1101 VAN NESS AVENUE,SAN FRANCISCO,CA,94109,AKO,Adult Kidney Only,8/18/1977,1/16/2009,8/28/2025,CAPM,Y
059806,CALIFORNIA PACIFIC MEDICAL CENTER,1101 VAN NESS AVENUE,SAN FRANCISCO,CA,94109,ALI,Adult Liver Only,8/18/1977,1/16/2009,8/28/2025,CAPM,Y
059806,CALIFORNIA PACIFIC MEDICAL CENTER,1101 VAN NESS AVENUE,SAN FRANCISCO,CA,94109,ALI,Adult Liver Only,12/26/1990,1/16/2009,8/28/2025,CAPM,Y
059806,CALIFORNIA PACIFIC MEDICAL CENTER,1101 VAN NESS AVENUE,SAN FRANCISCO,CA,94109,APA,Adult Pancreas,8/18/1977,1/16/2009,8/28/2025,CAPM,Y
059807,"UNIVERSITY OF CALIFORNIA, SAN FRANCISCO",505 PARNASSUS AVENUE,SAN FRANCISCO,CA,94143,AHL,Adult Heart Lung,8/12/2009,8/12/2009,9/19/2024,CASF,N
059807,"UNIVERSITY OF CALIFORNIA, SAN FRANCISCO",505 PARNASSUS AVENUE,SAN FRANCISCO,CA,94143,AHO,Adult Heart Only,8/12/2009,8/12/2009,9/19/2024,CASF,N
059807,"UNIVERSITY OF CALIFORNIA, SAN FRANCISCO",505 PARNASSUS AVENUE,SAN FRANCISCO,CA,94143,AKO,Adult Kidney Only,8/12/2009,8/12/2009,9/19/2024,CASF,N
059807,"UNIVERSITY OF CALIFORNIA, SAN FRANCISCO",505 PARNASSUS AVENUE,SAN FRANCISCO,CA,94143,ALI,Adult Liver Only,8/12/2009,8/12/2009,4/20/2017,CASF,N
059807,"UNIVERSITY OF CALIFORNIA, SAN FRANCISCO",505 PARNASSUS AVENUE,SAN FRANCISCO,CA,94143,ALO,Adult Lung Only,8/12/2009,8/12/2009,9/19/2024,CASF,N
059807,"UNIVERSITY OF CALIFORNIA, SAN FRANCISCO",505 PARNASSUS AVENUE,SAN FRANCISCO,CA,94143,APA,Adult Pancreas,8/12/2009,8/12/2009,9/19/2024,CASF,N
059807,"UNIVERSITY OF CALIFORNIA, SAN FRANCISCO",505 PARNASSUS AVENUE,SAN FRANCISCO,CA,94143,PHO,Pediatric Heart Only,10/15/2024,10/15/2024,9/19/2024,CASF,N
059807,"UNIVERSITY OF CALIFORNIA, SAN FRANCISCO",505 PARNASSUS AVENUE,SAN FRANCISCO,CA,94143,PKO,Pediatric Kidney Only,8/12/2009,8/12/2009,4/20/2017,CASF,N
059807,"UNIVERSITY OF CALIFORNIA, SAN FRANCISCO",505 PARNASSUS AVENUE,SAN FRANCISCO,CA,94143,PLI,Pediatric Liver,10/15/2024,10/15/2024,9/19/2024,CASF,N
059808,UNIVERSITY OF CALIFORNIA DAVIS-  TRANSPLANT,"2315 STOCKTON BLVD, RM 1018",SACRAMENTO,CA,95817,AKO,Adult Kidney Only,10/6/2009,10/6/2009,8/21/2025,CASM,N
059808,UNIVERSITY OF CALIFORNIA DAVIS-  TRANSPLANT,"2315 STOCKTON BLVD, RM 1018",SACRAMENTO,CA,95817,ALI,Adult Liver Only,2/21/2024,2/21/2024,8/21/2025,CASM,N
059808,UNIVERSITY OF CALIFORNIA DAVIS-  TRANSPLANT,"2315 STOCKTON BLVD, RM 1018",SACRAMENTO,CA,95817,APA,Adult Pancreas,10/6/2009,10/6/2009,8/21/2025,CASM,N
059809,"SUTTER MEDICAL CENTER, SACRAMENTO",2825 CAPITOL AVENUE,SACRAMENTO,CA,95816,AHO,Adult Heart Only,6/7/1997,10/13/2009,3/22/2017,CASG,Y
059810,"UNIVERSITY OF CALIFORNIA, SAN DIEGO MEDICAL CENTER",200 WEST ARBOR DRIVE #8745,SAN DIEGO,CA,92103,AHL,Adult Heart Lung,8/30/2012,8/30/2012,3/23/2017,CASD,N
059810,"UNIVERSITY OF CALIFORNIA, SAN DIEGO MEDICAL CENTER",200 WEST ARBOR DRIVE #8745,SAN DIEGO,CA,92103,AHO,Adult Heart Only,8/30/2012,8/30/2012,3/23/2017,CASD,N
059810,"UNIVERSITY OF CALIFORNIA, SAN DIEGO MEDICAL CENTER",200 WEST ARBOR DRIVE #8745,SAN DIEGO,CA,92103,AKO,Adult Kidney Only,8/16/1977,9/22/2009,3/23/2017,CASD,Y
059810,"UNIVERSITY OF CALIFORNIA, SAN DIEGO MEDICAL CENTER",200 WEST ARBOR DRIVE #8745,SAN DIEGO,CA,92103,ALI,Adult Liver Only,8/11/1997,9/22/2009,3/23/2017,CASD,Y
059810,"UNIVERSITY OF CALIFORNIA, SAN DIEGO MEDICAL CENTER",200 WEST ARBOR DRIVE #8745,SAN DIEGO,CA,92103,ALO,Adult Lung Only,2/2/1995,9/22/2009,3/23/2017,CASD,Y
059810,"UNIVERSITY OF CALIFORNIA, SAN DIEGO MEDICAL CENTER",200 WEST ARBOR DRIVE #8745,SAN DIEGO,CA,92103,APA,Adult Pancreas,8/16/1977,9/22/2009,3/23/2017,CASD,Y
059811,"UNIVERSITY OF CALIFORNIA, IRVINE MEDICAL CENTER",101 THE CITY DRIVE,ORANGE,CA,92868,AKO,Adult Kidney Only,12/16/2009,12/16/2009,9/23/2025,CAIM,N
059811,"UNIVERSITY OF CALIFORNIA, IRVINE MEDICAL CENTER",101 THE CITY DRIVE,ORANGE,CA,92868,APA,Adult Pancreas,4/22/2010,4/22/2010,9/23/2025,CAIM,N
059812,RONALD REAGAN UCLA MEDICAL CENTER - TRANSPLANT SVS,757 WESTWOOD PLAZA,LOS ANGELES,CA,90095,AHL,Adult Heart Lung,2/12/2010,2/12/2010,5/25/2018,CAUC,N
059812,RONALD REAGAN UCLA MEDICAL CENTER - TRANSPLANT SVS,757 WESTWOOD PLAZA,LOS ANGELES,CA,90095,AHO,Adult Heart Only,2/12/2010,2/12/2010,8/9/2024,CAUC,N
059812,RONALD REAGAN UCLA MEDICAL CENTER - TRANSPLANT SVS,757 WESTWOOD PLAZA,LOS ANGELES,CA,90095,AIM,Adult Intestine/Multivisceral,2/12/2010,2/12/2010,8/9/2024,CAUC,N
059812,RONALD REAGAN UCLA MEDICAL CENTER - TRANSPLANT SVS,757 WESTWOOD PLAZA,LOS ANGELES,CA,90095,AKO,Adult Kidney Only,2/12/2010,2/12/2010,8/9/2024,CAUC,N
059812,RONALD REAGAN UCLA MEDICAL CENTER - TRANSPLANT SVS,757 WESTWOOD PLAZA,LOS ANGELES,CA,90095,ALI,Adult Liver Only,2/12/2010,2/12/2010,8/9/2024,CAUC,N
059812,RONALD REAGAN UCLA MEDICAL CENTER - TRANSPLANT SVS,757 WESTWOOD PLAZA,LOS ANGELES,CA,90095,ALO,Adult Lung Only,2/12/2010,2/12/2010,8/9/2024,CAUC,N
059812,RONALD REAGAN UCLA MEDICAL CENTER - TRANSPLANT SVS,757 WESTWOOD PLAZA,LOS ANGELES,CA,90095,APA,Adult Pancreas,2/12/2010,2/12/2010,8/9/2024,CAUC,N
059813,CHILDREN'S HOSPITAL OF LOS ANGELES,"4650 SUNSET BLVD, MS#72",LOS ANGELES,CA,90027,PHO,Pediatric Heart Only,4/30/2010,4/30/2010,5/18/2017,CACL,N
059813,CHILDREN'S HOSPITAL OF LOS ANGELES,"4650 SUNSET BLVD, MS#72",LOS ANGELES,CA,90027,PIM,Pediatric Intestine/Multivisceral,4/30/2010,4/30/2010,5/18/2017,CACL,N
059813,CHILDREN'S HOSPITAL OF LOS ANGELES,"4650 SUNSET BLVD, MS#72",LOS ANGELES,CA,90027,PKO,Pediatric Kidney Only,4/30/2010,4/30/2010,5/18/2017,CACL,N
059813,CHILDREN'S HOSPITAL OF LOS ANGELES,"4650 SUNSET BLVD, MS#72",LOS ANGELES,CA,90027,PLI,Pediatric Liver,4/30/2010,4/30/2010,5/18/2017,CACL,N
059813,CHILDREN'S HOSPITAL OF LOS ANGELES,"4650 SUNSET BLVD, MS#72",LOS ANGELES,CA,90027,PLO,Pediatric Lung Only,4/30/2010,4/30/2010,5/18/2017,CACL,N
059814,"LOMA LINDA UNIVERSITY MEDICAL CENTER, TRANSPLANT I",11234 ANDERSON STREET,LOMA LINDA,CA,92354,AHO,Adult Heart Only,3/21/1995,5/28/2009,5/14/2026,CALL,Y
059814,"LOMA LINDA UNIVERSITY MEDICAL CENTER, TRANSPLANT I",11234 ANDERSON STREET,LOMA LINDA,CA,92354,AKO,Adult Kidney Only,8/12/1977,5/28/2009,5/14/2026,CALL,Y
059814,"LOMA LINDA UNIVERSITY MEDICAL CENTER, TRANSPLANT I",11234 ANDERSON STREET,LOMA LINDA,CA,92354,AKO,Adult Kidney Only,3/21/1995,5/28/2009,5/14/2026,CALL,Y
059814,"LOMA LINDA UNIVERSITY MEDICAL CENTER, TRANSPLANT I",11234 ANDERSON STREET,LOMA LINDA,CA,92354,ALI,Adult Liver Only,3/21/1995,5/28/2009,5/14/2026,CALL,Y
059814,"LOMA LINDA UNIVERSITY MEDICAL CENTER, TRANSPLANT I",11234 ANDERSON STREET,LOMA LINDA,CA,92354,ALI,Adult Liver Only,4/2/1998,5/28/2009,5/14/2026,CALL,Y
059814,"LOMA LINDA UNIVERSITY MEDICAL CENTER, TRANSPLANT I",11234 ANDERSON STREET,LOMA LINDA,CA,92354,APA,Adult Pancreas,8/12/1977,5/28/2009,5/14/2026,CALL,Y
059814,"LOMA LINDA UNIVERSITY MEDICAL CENTER, TRANSPLANT I",11234 ANDERSON STREET,LOMA LINDA,CA,92354,PHO,Pediatric Heart Only,5/28/2009,5/28/2009,5/14/2026,CALL,N
059814,"LOMA LINDA UNIVERSITY MEDICAL CENTER, TRANSPLANT I",11234 ANDERSON STREET,LOMA LINDA,CA,92354,PKO,Pediatric Kidney Only,8/12/1977,5/28/2009,5/14/2026,CALL,Y
059815,GREEN HOSPITAL OF SCRIPPS CLINIC,10666 NORTH TORREY PINES ROAD,LA JOLLA,CA,92037,AKO,Adult Kidney Only,10/25/2010,10/25/2010,8/23/2019,CAGH,N
059815,GREEN HOSPITAL OF SCRIPPS CLINIC,10666 NORTH TORREY PINES ROAD,LA JOLLA,CA,92037,ALI,Adult Liver Only,10/25/2010,10/25/2010,8/23/2019,CAGH,N
059815,GREEN HOSPITAL OF SCRIPPS CLINIC,10666 NORTH TORREY PINES ROAD,LA JOLLA,CA,92037,APA,Adult Pancreas,10/25/2010,10/25/2010,8/23/2019,CAGH,N
059816,ST JOSEPH HOSPITAL,1100 STEWART DRIVE,ORANGE,CA,92868,AKO,Adult Kidney Only,11/26/2010,11/26/2010,10/12/2017,CASJ,N
059818,LAC HARBOR-UCLA MEDICAL CENTER,1000 W CARSON STREET,TORRANCE,CA,90509,AKO,Adult Kidney Only,10/27/1983,2/10/2011,6/5/2019,CALA,Y
059819,KECK HOSPITAL OF USC,1500 SAN PABLO STREET,LOS ANGELES,CA,90033,AHL,Adult Heart Lung,2/5/1996,8/25/2011,7/31/2014,CAUH,Y
059819,KECK HOSPITAL OF USC,1500 SAN PABLO STREET,LOS ANGELES,CA,90033,AHO,Adult Heart Only,8/4/2000,2/24/2011,7/13/2017,CAUH,Y
059819,KECK HOSPITAL OF USC,1500 SAN PABLO STREET,LOS ANGELES,CA,90033,AKO,Adult Kidney Only,8/8/1977,2/24/2011,7/13/2017,CAUH,Y
059819,KECK HOSPITAL OF USC,1500 SAN PABLO STREET,LOS ANGELES,CA,90033,ALI,Adult Liver Only,5/25/1999,2/24/2011,7/13/2017,CAUH,Y
059819,KECK HOSPITAL OF USC,1500 SAN PABLO STREET,LOS ANGELES,CA,90033,ALO,Adult Lung Only,2/5/1996,8/25/2011,7/13/2017,CAUH,Y
059819,KECK HOSPITAL OF USC,1500 SAN PABLO STREET,LOS ANGELES,CA,90033,APA,Adult Pancreas,8/8/1977,2/24/2011,7/13/2017,CAUH,Y
069865,PRESBYTERIAN ST LUKE'S MEDICAL CENTER,1719 EAST 19TH AVENUE,DENVER,CO,80218,AKO,Adult Kidney Only,6/24/2009,6/24/2009,1/24/2023,COSL,N
069865,PRESBYTERIAN ST LUKE'S MEDICAL CENTER,1719 EAST 19TH AVENUE,DENVER,CO,80218,ALI,Adult Liver Only,12/21/2016,12/21/2016,1/24/2023,COSL,N
069866,UNIVERSITY OF COLORADO HOSPITAL ANSCHUTZ INPATIENT,12605 EAST 16TH AVENUE,AURORA,CO,80045,AHO,Adult Heart Only,9/10/2009,9/10/2009,5/18/2023,COUC,N
069866,UNIVERSITY OF COLORADO HOSPITAL ANSCHUTZ INPATIENT,12605 EAST 16TH AVENUE,AURORA,CO,80045,AKO,Adult Kidney Only,9/10/2009,9/10/2009,5/18/2023,COUC,N
069866,UNIVERSITY OF COLORADO HOSPITAL ANSCHUTZ INPATIENT,12605 EAST 16TH AVENUE,AURORA,CO,80045,ALI,Adult Liver Only,9/10/2009,9/10/2009,5/18/2023,COUC,N
069866,UNIVERSITY OF COLORADO HOSPITAL ANSCHUTZ INPATIENT,12605 EAST 16TH AVENUE,AURORA,CO,80045,ALO,Adult Lung Only,9/10/2009,9/10/2009,5/18/2023,COUC,N
069866,UNIVERSITY OF COLORADO HOSPITAL ANSCHUTZ INPATIENT,12605 EAST 16TH AVENUE,AURORA,CO,80045,APA,Adult Pancreas,9/10/2009,9/10/2009,5/18/2023,COUC,N
069867,CHILDRENS HOSPITAL ASSOCIATION THE,13123 EAST 16TH AVENUE,AURORA,CO,80045,PHO,Pediatric Heart Only,1/5/2009,1/5/2009,6/8/2023,COCH,N
069867,CHILDRENS HOSPITAL ASSOCIATION THE,13123 EAST 16TH AVENUE,AURORA,CO,80045,PKO,Pediatric Kidney Only,1/5/2009,1/5/2009,6/8/2023,COCH,N
069867,CHILDRENS HOSPITAL ASSOCIATION THE,13123 EAST 16TH AVENUE,AURORA,CO,80045,PLI,Pediatric Liver,1/5/2009,1/5/2009,6/8/2023,COCH,N
069868,CENTURA HEALTH-PORTER ADVENTIST HOSPITAL,2535 S DOWNING ST #380,DENVER,CO,80210,AKO,Adult Kidney Only,11/11/2020,11/11/2020,11/11/2020,COPM,N
069868,CENTURA HEALTH-PORTER ADVENTIST HOSPITAL,2535 S DOWNING ST #380,DENVER,CO,80210,ALI,Adult Liver Only,8/2/2021,8/2/2021,4/30/2026,COPM,N
079801,YALE-NEW HAVEN HOSPITAL -  TRANSPLANT CENTER,20 YORK STREET,NEW HAVEN,CT,06504,AHO,Adult Heart Only,3/14/1991,1/13/2009,12/7/2021,CTYN,Y
079801,YALE-NEW HAVEN HOSPITAL -  TRANSPLANT CENTER,20 YORK STREET,NEW HAVEN,CT,06504,AKO,Adult Kidney Only,7/1/1973,8/14/2008,12/7/2021,CTYN,Y
079801,YALE-NEW HAVEN HOSPITAL -  TRANSPLANT CENTER,20 YORK STREET,NEW HAVEN,CT,06504,ALI,Adult Liver Only,5/23/2008,5/23/2008,12/7/2021,CTYN,Y
079801,YALE-NEW HAVEN HOSPITAL -  TRANSPLANT CENTER,20 YORK STREET,NEW HAVEN,CT,06504,PLI,Pediatric Liver,5/23/2008,5/23/2008,12/7/2021,CTYN,Y
079802,HARTFORD HOSPITAL - TRANSPLANT CENTER,"80 SEYMOUR STREET, PO BOX 5037",HARTFORD,CT,06106,AHO,Adult Heart Only,6/21/1989,9/15/2009,11/4/2021,CTHH,Y
079802,HARTFORD HOSPITAL - TRANSPLANT CENTER,"80 SEYMOUR STREET, PO BOX 5037",HARTFORD,CT,06106,AKO,Adult Kidney Only,8/25/1977,9/15/2009,11/4/2021,CTHH,Y
079802,HARTFORD HOSPITAL - TRANSPLANT CENTER,"80 SEYMOUR STREET, PO BOX 5037",HARTFORD,CT,06106,ALI,Adult Liver Only,11/9/2000,10/22/2009,11/4/2021,CTHH,Y
089800,CHRISTIANACARE,4735 OGLETOWN-STANTON ROAD,NEWARK,DE,19718,AKO,Adult Kidney Only,1/1/2007,1/12/2017,1/12/2017,DECC,Y
089801,"NEMOURS CHILDREN'S HOSPITAL, DELAWARE","1600 ROCKLAND ROAD, BOX 269",WILMINGTON,DE,19803,PKO,Pediatric Kidney Only,7/21/1993,3/21/2017,3/15/2024,DEAI,Y
099800,MEDSTAR WASHINGTON HOSPITAL CENTER,"110 IRVING ST, NW",WASHINGTON,DC,20010,AHO,Adult Heart Only,10/13/1992,11/12/2009,3/21/2024,DCWH,Y
099801,CHILDREN'S NATIONAL MEDICAL CENTER,111 MICHIGAN AVE NW,WASHINGTON,DC,20010,PHO,Pediatric Heart Only,3/15/2013,3/15/2013,3/14/2024,DCCH,N
099801,CHILDREN'S NATIONAL MEDICAL CENTER,111 MICHIGAN AVE NW,WASHINGTON,DC,20010,PKO,Pediatric Kidney Only,8/1/1977,5/3/2010,9/27/2017,DCCH,Y
099801,CHILDREN'S NATIONAL MEDICAL CENTER,111 MICHIGAN AVE NW,WASHINGTON,DC,20010,PKO,Pediatric Kidney Only,1/5/2018,1/5/2018,9/27/2017,DCCH,N
099802,MEDSTAR GEORGETOWN UNIVERSITY HOSPITAL,"3800 RESERVOIR RD NW, STE 2 MAIN",WASHINGTON,DC,20007,AIM,Adult Intestine/Multivisceral,9/1/1977,12/10/2010,4/15/2024,DCGU,Y
099802,MEDSTAR GEORGETOWN UNIVERSITY HOSPITAL,"3800 RESERVOIR RD NW, STE 2 MAIN",WASHINGTON,DC,20007,AIM,Adult Intestine/Multivisceral,6/24/2004,12/10/2010,4/15/2024,DCGU,Y
099802,MEDSTAR GEORGETOWN UNIVERSITY HOSPITAL,"3800 RESERVOIR RD NW, STE 2 MAIN",WASHINGTON,DC,20007,AKO,Adult Kidney Only,9/1/1977,12/10/2010,4/15/2024,DCGU,Y
099802,MEDSTAR GEORGETOWN UNIVERSITY HOSPITAL,"3800 RESERVOIR RD NW, STE 2 MAIN",WASHINGTON,DC,20007,ALI,Adult Liver Only,9/1/1977,12/10/2010,4/15/2024,DCGU,Y
099802,MEDSTAR GEORGETOWN UNIVERSITY HOSPITAL,"3800 RESERVOIR RD NW, STE 2 MAIN",WASHINGTON,DC,20007,ALI,Adult Liver Only,8/17/2000,12/10/2010,4/15/2024,DCGU,Y
099802,MEDSTAR GEORGETOWN UNIVERSITY HOSPITAL,"3800 RESERVOIR RD NW, STE 2 MAIN",WASHINGTON,DC,20007,APA,Adult Pancreas,9/1/1977,12/10/2010,4/15/2024,DCGU,Y
099802,MEDSTAR GEORGETOWN UNIVERSITY HOSPITAL,"3800 RESERVOIR RD NW, STE 2 MAIN",WASHINGTON,DC,20007,PIM,Pediatric Intestine/Multivisceral,9/1/1977,12/10/2010,4/15/2024,DCGU,Y
099802,MEDSTAR GEORGETOWN UNIVERSITY HOSPITAL,"3800 RESERVOIR RD NW, STE 2 MAIN",WASHINGTON,DC,20007,PIM,Pediatric Intestine/Multivisceral,12/10/2010,12/10/2010,4/15/2024,DCGU,N
099802,MEDSTAR GEORGETOWN UNIVERSITY HOSPITAL,"3800 RESERVOIR RD NW, STE 2 MAIN",WASHINGTON,DC,20007,PLI,Pediatric Liver,9/1/1977,12/10/2010,4/15/2024,DCGU,Y
099802,MEDSTAR GEORGETOWN UNIVERSITY HOSPITAL,"3800 RESERVOIR RD NW, STE 2 MAIN",WASHINGTON,DC,20007,PLI,Pediatric Liver,12/10/2010,12/10/2010,4/15/2024,DCGU,N
099803,GEORGE WASHINGTON UNIVERSITY HOSPITAL,900 23RDSTREET,WASHINGTON,DC,20037,AKO,Adult Kidney Only,1/22/2016,1/22/2016,5/2/2023,DCGW,N
099803,GEORGE WASHINGTON UNIVERSITY HOSPITAL,900 23RDSTREET,WASHINGTON,DC,20037,ALI,Adult Liver Only,5/2/2023,5/2/2023,5/2/2023,DCGW,N
099803,GEORGE WASHINGTON UNIVERSITY HOSPITAL,900 23RDSTREET,WASHINGTON,DC,20037,APA,Adult Pancreas,5/2/2023,5/2/2023,5/2/2023,DCGW,N
109801,TAMPA GENERAL HOSPITAL,1 TAMPA GENERAL CIR,TAMPA,FL,33601,AHO,Adult Heart Only,4/11/2008,4/11/2008,11/4/2021,FLTG,Y
109801,TAMPA GENERAL HOSPITAL,1 TAMPA GENERAL CIR,TAMPA,FL,33601,AKO,Adult Kidney Only,4/11/2008,4/11/2008,11/4/2021,FLTG,Y
109801,TAMPA GENERAL HOSPITAL,1 TAMPA GENERAL CIR,TAMPA,FL,33601,ALI,Adult Liver Only,4/11/2008,4/11/2008,11/4/2021,FLTG,Y
109801,TAMPA GENERAL HOSPITAL,1 TAMPA GENERAL CIR,TAMPA,FL,33601,ALO,Adult Lung Only,4/11/2008,4/11/2008,11/4/2021,FLTG,Y
109801,TAMPA GENERAL HOSPITAL,1 TAMPA GENERAL CIR,TAMPA,FL,33601,APA,Adult Pancreas,4/11/2008,4/11/2008,11/4/2021,FLTG,Y
109802,ADVENTHEALTH ORLANDO,601 E ROLLINS STREET,ORLANDO,FL,32803,AHO,Adult Heart Only,10/30/2013,10/30/2013,4/30/2026,FLFH,N
109802,ADVENTHEALTH ORLANDO,601 E ROLLINS STREET,ORLANDO,FL,32803,AKO,Adult Kidney Only,9/11/2008,9/11/2008,4/30/2026,FLFH,N
109802,ADVENTHEALTH ORLANDO,601 E ROLLINS STREET,ORLANDO,FL,32803,ALI,Adult Liver Only,9/11/2008,9/11/2008,4/30/2026,FLFH,N
109802,ADVENTHEALTH ORLANDO,601 E ROLLINS STREET,ORLANDO,FL,32803,ALO,Adult Lung Only,10/30/2013,10/30/2013,4/30/2026,FLFH,N
109802,ADVENTHEALTH ORLANDO,601 E ROLLINS STREET,ORLANDO,FL,32803,APA,Adult Pancreas,9/11/2008,9/11/2008,4/30/2026,FLFH,N
109802,ADVENTHEALTH ORLANDO,601 E ROLLINS STREET,ORLANDO,FL,32803,PKO,Pediatric Kidney Only,3/17/2011,3/17/2011,3/17/2011,FLFH,N
109803,SHANDS HOSPITAL AT THE UNIVERSITY OF FLORIDA,1600 SW ARCHER RD,GAINESVILLE,FL,32610,AHL,Adult Heart Lung,1/2/2008,1/30/2009,2/3/2022,FLUF,Y
109803,SHANDS HOSPITAL AT THE UNIVERSITY OF FLORIDA,1600 SW ARCHER RD,GAINESVILLE,FL,32610,AHO,Adult Heart Only,1/2/2008,1/30/2009,2/3/2022,FLUF,Y
109803,SHANDS HOSPITAL AT THE UNIVERSITY OF FLORIDA,1600 SW ARCHER RD,GAINESVILLE,FL,32610,AKO,Adult Kidney Only,1/2/2008,1/30/2009,2/3/2022,FLUF,Y
109803,SHANDS HOSPITAL AT THE UNIVERSITY OF FLORIDA,1600 SW ARCHER RD,GAINESVILLE,FL,32610,ALI,Adult Liver Only,1/2/2008,1/30/2009,2/3/2022,FLUF,Y
109803,SHANDS HOSPITAL AT THE UNIVERSITY OF FLORIDA,1600 SW ARCHER RD,GAINESVILLE,FL,32610,ALO,Adult Lung Only,1/2/2008,1/30/2009,2/3/2022,FLUF,Y
109803,SHANDS HOSPITAL AT THE UNIVERSITY OF FLORIDA,1600 SW ARCHER RD,GAINESVILLE,FL,32610,APA,Adult Pancreas,1/2/2008,1/30/2009,2/3/2022,FLUF,Y
109803,SHANDS HOSPITAL AT THE UNIVERSITY OF FLORIDA,1600 SW ARCHER RD,GAINESVILLE,FL,32610,PHL,Pediatric Heart Lung,2/13/2009,2/13/2009,2/3/2022,FLUF,N
109803,SHANDS HOSPITAL AT THE UNIVERSITY OF FLORIDA,1600 SW ARCHER RD,GAINESVILLE,FL,32610,PHO,Pediatric Heart Only,1/30/2009,1/30/2009,2/3/2022,FLUF,N
109803,SHANDS HOSPITAL AT THE UNIVERSITY OF FLORIDA,1600 SW ARCHER RD,GAINESVILLE,FL,32610,PHO,Pediatric Heart Only,2/13/2009,2/13/2009,2/3/2022,FLUF,N
109803,SHANDS HOSPITAL AT THE UNIVERSITY OF FLORIDA,1600 SW ARCHER RD,GAINESVILLE,FL,32610,PKO,Pediatric Kidney Only,1/2/2008,1/30/2009,2/3/2022,FLUF,Y
109803,SHANDS HOSPITAL AT THE UNIVERSITY OF FLORIDA,1600 SW ARCHER RD,GAINESVILLE,FL,32610,PLI,Pediatric Liver,1/30/2009,1/30/2009,2/3/2022,FLUF,N
109803,SHANDS HOSPITAL AT THE UNIVERSITY OF FLORIDA,1600 SW ARCHER RD,GAINESVILLE,FL,32610,PLO,Pediatric Lung Only,1/30/2009,1/30/2009,2/3/2022,FLUF,N
109803,SHANDS HOSPITAL AT THE UNIVERSITY OF FLORIDA,1600 SW ARCHER RD,GAINESVILLE,FL,32610,PLO,Pediatric Lung Only,2/13/2009,2/13/2009,2/3/2022,FLUF,N
109803,SHANDS HOSPITAL AT THE UNIVERSITY OF FLORIDA,1600 SW ARCHER RD,GAINESVILLE,FL,32610,PPA,Pediatric Pancreas,1/2/2008,1/30/2009,2/3/2022,FLUF,Y
109804,JACKSON MEMORIAL HOSPITAL,"1611 NW 12TH AVENUE, WW117",MIAMI,FL,33136,AHL,Adult Heart Lung,10/1/2009,10/1/2009,4/13/2023,FLJM,N
109804,JACKSON MEMORIAL HOSPITAL,"1611 NW 12TH AVENUE, WW117",MIAMI,FL,33136,AHO,Adult Heart Only,3/20/2009,3/20/2009,4/13/2023,FLJM,N
109804,JACKSON MEMORIAL HOSPITAL,"1611 NW 12TH AVENUE, WW117",MIAMI,FL,33136,AIM,Adult Intestine/Multivisceral,4/7/2009,4/7/2009,4/13/2023,FLJM,N
109804,JACKSON MEMORIAL HOSPITAL,"1611 NW 12TH AVENUE, WW117",MIAMI,FL,33136,AKO,Adult Kidney Only,3/20/2009,3/20/2009,4/13/2023,FLJM,N
109804,JACKSON MEMORIAL HOSPITAL,"1611 NW 12TH AVENUE, WW117",MIAMI,FL,33136,ALI,Adult Liver Only,3/20/2009,3/20/2009,4/13/2023,FLJM,N
109804,JACKSON MEMORIAL HOSPITAL,"1611 NW 12TH AVENUE, WW117",MIAMI,FL,33136,ALO,Adult Lung Only,10/1/2009,10/1/2009,4/13/2023,FLJM,N
109804,JACKSON MEMORIAL HOSPITAL,"1611 NW 12TH AVENUE, WW117",MIAMI,FL,33136,APA,Adult Pancreas,3/20/2009,3/20/2009,4/13/2023,FLJM,N
109804,JACKSON MEMORIAL HOSPITAL,"1611 NW 12TH AVENUE, WW117",MIAMI,FL,33136,PHL,Pediatric Heart Lung,10/1/2009,10/1/2009,3/20/2009,FLJM,N
109804,JACKSON MEMORIAL HOSPITAL,"1611 NW 12TH AVENUE, WW117",MIAMI,FL,33136,PHO,Pediatric Heart Only,4/7/2009,4/7/2009,4/13/2023,FLJM,N
109804,JACKSON MEMORIAL HOSPITAL,"1611 NW 12TH AVENUE, WW117",MIAMI,FL,33136,PIM,Pediatric Intestine/Multivisceral,3/20/2009,3/20/2009,4/13/2023,FLJM,N
109804,JACKSON MEMORIAL HOSPITAL,"1611 NW 12TH AVENUE, WW117",MIAMI,FL,33136,PKO,Pediatric Kidney Only,3/20/2009,3/20/2009,4/13/2023,FLJM,N
109804,JACKSON MEMORIAL HOSPITAL,"1611 NW 12TH AVENUE, WW117",MIAMI,FL,33136,PLI,Pediatric Liver,3/20/2009,3/20/2009,4/13/2023,FLJM,N
109804,JACKSON MEMORIAL HOSPITAL,"1611 NW 12TH AVENUE, WW117",MIAMI,FL,33136,PLO,Pediatric Lung Only,10/1/2009,10/1/2009,3/20/2009,FLJM,N
109806,MAYO CLINIC,4500 SAN PABLO ROAD S,JACKSONVILLE,FL,32224,AHL,Adult Heart Lung,3/11/2010,3/11/2010,7/20/2023,FLSL,N
109806,MAYO CLINIC,4500 SAN PABLO ROAD S,JACKSONVILLE,FL,32224,AHO,Adult Heart Only,3/11/2010,3/11/2010,2/19/2026,FLSL,N
109806,MAYO CLINIC,4500 SAN PABLO ROAD S,JACKSONVILLE,FL,32224,AKO,Adult Kidney Only,3/11/2010,3/11/2010,2/19/2026,FLSL,N
109806,MAYO CLINIC,4500 SAN PABLO ROAD S,JACKSONVILLE,FL,32224,ALI,Adult Liver Only,3/11/2010,3/11/2010,2/19/2026,FLSL,N
109806,MAYO CLINIC,4500 SAN PABLO ROAD S,JACKSONVILLE,FL,32224,ALO,Adult Lung Only,3/11/2010,3/11/2010,2/19/2026,FLSL,N
109806,MAYO CLINIC,4500 SAN PABLO ROAD S,JACKSONVILLE,FL,32224,APA,Adult Pancreas,3/11/2010,3/11/2010,2/19/2026,FLSL,N
109807,HALIFAX HEALTH MEDICAL CENTER,303 N CLYDE MORRIS BLVD,DAYTONA BEACH,FL,32114,AKO,Adult Kidney Only,4/15/2010,4/15/2010,6/7/2023,FLHM,N
109808,JOHNS HOPKINS ALL CHILDREN'S HOSPITAL,501 6TH AVENUE SOUTH,SAINT PETERSBURG,FL,33701,PHO,Pediatric Heart Only,6/24/2010,6/24/2010,5/10/2023,FLAC,N
109810,MEMORIAL REGIONAL HOSPITAL,3501 JOHNSON ST,HOLLYWOOD,FL,33021,AHO,Adult Heart Only,11/5/2015,11/5/2015,8/2/2023,FLMR,N
109810,MEMORIAL REGIONAL HOSPITAL,3501 JOHNSON ST,HOLLYWOOD,FL,33021,AKO,Adult Kidney Only,7/18/2018,7/18/2018,8/2/2023,FLMR,N
109810,MEMORIAL REGIONAL HOSPITAL,3501 JOHNSON ST,HOLLYWOOD,FL,33021,APA,Adult Pancreas,8/2/2023,8/2/2023,8/2/2023,FLMR,N
109810,MEMORIAL REGIONAL HOSPITAL,3501 JOHNSON ST,HOLLYWOOD,FL,33021,PHO,Pediatric Heart Only,7/29/2011,7/29/2011,8/2/2023,FLMR,N
109811,CLEVELAND CLINIC FLORIDA,2950 CLEVELAND CLINIC BLVD,WESTON,FL,33331,AHO,Adult Heart Only,9/3/2015,9/3/2015,4/18/2024,FLCC,N
109811,CLEVELAND CLINIC FLORIDA,2950 CLEVELAND CLINIC BLVD,WESTON,FL,33331,AKO,Adult Kidney Only,8/20/2014,8/20/2014,4/18/2024,FLCC,N
109811,CLEVELAND CLINIC FLORIDA,2950 CLEVELAND CLINIC BLVD,WESTON,FL,33331,ALI,Adult Liver Only,8/20/2014,8/20/2014,4/18/2024,FLCC,N
109812,HCA FLORIDA LARGO HOSPITAL,"1345 WEST BAY DRIVE, SUITE 301",LARGO,FL,33770,AHO,Adult Heart Only,6/8/2021,6/8/2021,11/2/2021,FLLM,N
109812,HCA FLORIDA LARGO HOSPITAL,"1345 WEST BAY DRIVE, SUITE 301",LARGO,FL,33770,AKO,Adult Kidney Only,5/4/2016,5/4/2016,11/2/2021,FLLM,N
109812,HCA FLORIDA LARGO HOSPITAL,"1345 WEST BAY DRIVE, SUITE 301",LARGO,FL,33770,ALI,Adult Liver Only,8/7/2018,8/7/2018,11/2/2021,FLLM,N
109813,"SACRED HEART HOSPITAL OF PENSACOLA, FLORIDA",5151 N NINTH AVENUE,PENSACOLA,FL,32504,AKO,Adult Kidney Only,6/28/2017,6/28/2017,5/5/2022,FLSH,N
119800,EMORY UNIVERSITY HOSPITAL,"1364 CLIFTON ROAD, NE",ATLANTA,GA,30322,AHO,Adult Heart Only,8/3/1990,4/20/2008,1/8/2025,GAEM,Y
119800,EMORY UNIVERSITY HOSPITAL,"1364 CLIFTON ROAD, NE",ATLANTA,GA,30322,AKO,Adult Kidney Only,5/1/1984,4/20/2008,7/10/2025,GAEM,Y
119800,EMORY UNIVERSITY HOSPITAL,"1364 CLIFTON ROAD, NE",ATLANTA,GA,30322,AKO,Adult Kidney Only,4/20/2008,4/20/2008,7/10/2025,GAEM,Y
119800,EMORY UNIVERSITY HOSPITAL,"1364 CLIFTON ROAD, NE",ATLANTA,GA,30322,ALI,Adult Liver Only,3/8/1990,9/12/2008,7/10/2025,GAEM,Y
119800,EMORY UNIVERSITY HOSPITAL,"1364 CLIFTON ROAD, NE",ATLANTA,GA,30322,ALI,Adult Liver Only,9/12/2008,9/12/2008,7/10/2025,GAEM,N
119800,EMORY UNIVERSITY HOSPITAL,"1364 CLIFTON ROAD, NE",ATLANTA,GA,30322,ALO,Adult Lung Only,10/30/1998,7/15/2008,1/8/2025,GAEM,Y
119800,EMORY UNIVERSITY HOSPITAL,"1364 CLIFTON ROAD, NE",ATLANTA,GA,30322,APA,Adult Pancreas,5/1/1984,4/20/2008,7/10/2025,GAEM,Y
119800,EMORY UNIVERSITY HOSPITAL,"1364 CLIFTON ROAD, NE",ATLANTA,GA,30322,APA,Adult Pancreas,4/20/2008,4/20/2008,7/10/2025,GAEM,Y
119801,MEDICAL COLLEGE OF GEORGIA- TRANSPLANT,1120 FIFTEENTH ST,AUGUSTA,GA,30912,AKO,Adult Kidney Only,7/23/2009,7/23/2009,3/18/2025,GAMC,N
119801,MEDICAL COLLEGE OF GEORGIA- TRANSPLANT,1120 FIFTEENTH ST,AUGUSTA,GA,30912,APA,Adult Pancreas,7/23/2009,7/23/2009,3/18/2025,GAMC,N
119801,MEDICAL COLLEGE OF GEORGIA- TRANSPLANT,1120 FIFTEENTH ST,AUGUSTA,GA,30912,APA,Adult Pancreas,8/24/2009,8/24/2009,3/18/2025,GAMC,N
119802,"ARTHUR M BLANK HOSPITAL, INC",2220 N DRUID HILLS RD NE HOSPITAL TOWER 12 WEST,ATLANTA,GA,30329,PHO,Pediatric Heart Only,8/27/2009,8/27/2009,5/7/2024,GAEH,N
119802,"ARTHUR M BLANK HOSPITAL, INC",2220 N DRUID HILLS RD NE HOSPITAL TOWER 12 WEST,ATLANTA,GA,30329,PKO,Pediatric Kidney Only,8/27/2009,8/27/2009,5/7/2024,GAEH,N
119802,"ARTHUR M BLANK HOSPITAL, INC",2220 N DRUID HILLS RD NE HOSPITAL TOWER 12 WEST,ATLANTA,GA,30329,PLI,Pediatric Liver,8/27/2009,8/27/2009,5/7/2024,GAEH,N
119803,PIEDMONT HOSPITAL,1968 PEACHTREE ROAD NW,ATLANTA,GA,30309,AHO,Adult Heart Only,1/10/2014,1/10/2014,8/27/2025,GAPH,N
119803,PIEDMONT HOSPITAL,1968 PEACHTREE ROAD NW,ATLANTA,GA,30309,AKO,Adult Kidney Only,9/2/2009,9/2/2009,8/27/2025,GAPH,N
119803,PIEDMONT HOSPITAL,1968 PEACHTREE ROAD NW,ATLANTA,GA,30309,ALI,Adult Liver Only,9/2/2009,9/2/2009,8/27/2025,GAPH,N
119803,PIEDMONT HOSPITAL,1968 PEACHTREE ROAD NW,ATLANTA,GA,30309,APA,Adult Pancreas,9/2/2009,9/2/2009,8/27/2025,GAPH,N
119803,PIEDMONT HOSPITAL,1968 PEACHTREE ROAD NW,ATLANTA,GA,30309,APA,Adult Pancreas,9/22/2009,9/22/2009,8/27/2025,GAPH,N
129801,THE QUEEN'S MEDICAL CENTER,1301 PUNCHBOWL STREET,HON,HI,96813,AKO,Adult Kidney Only,4/30/2012,4/30/2012,10/15/2015,HIQM,N
129801,THE QUEEN'S MEDICAL CENTER,1301 PUNCHBOWL STREET,HON,HI,96813,ALI,Adult Liver Only,4/30/2012,4/30/2012,10/15/2015,HIQM,N
129801,THE QUEEN'S MEDICAL CENTER,1301 PUNCHBOWL STREET,HON,HI,96813,APA,Adult Pancreas,10/15/2015,10/15/2015,10/15/2015,HIQM,N
149801,UNIVERSITY OF CHICAGO HOSPITALS,5841 SOUTH MARYLAND,CHICAGO,IL,60637,AHL,Adult Heart Lung,3/28/2008,3/28/2008,1/29/2025,ILUC,Y
149801,UNIVERSITY OF CHICAGO HOSPITALS,5841 SOUTH MARYLAND,CHICAGO,IL,60637,AHO,Adult Heart Only,5/1/2000,3/28/2008,1/29/2025,ILUC,Y
149801,UNIVERSITY OF CHICAGO HOSPITALS,5841 SOUTH MARYLAND,CHICAGO,IL,60637,AKO,Adult Kidney Only,1/2/1970,3/28/2008,1/29/2025,ILUC,Y
149801,UNIVERSITY OF CHICAGO HOSPITALS,5841 SOUTH MARYLAND,CHICAGO,IL,60637,ALI,Adult Liver Only,3/8/1990,7/14/2011,1/29/2025,ILUC,Y
149801,UNIVERSITY OF CHICAGO HOSPITALS,5841 SOUTH MARYLAND,CHICAGO,IL,60637,ALO,Adult Lung Only,3/28/2008,3/28/2008,1/29/2025,ILUC,Y
149801,UNIVERSITY OF CHICAGO HOSPITALS,5841 SOUTH MARYLAND,CHICAGO,IL,60637,APA,Adult Pancreas,1/2/1970,3/28/2008,1/29/2025,ILUC,Y
149802,LOYOLA UNIVERSITY MEDICAL CENTER,2160 SOUTH 1ST AVENUE,MAYWOOD,IL,60153,AHL,Adult Heart Lung,2/2/1995,3/16/2011,6/9/2022,ILLU,Y
149802,LOYOLA UNIVERSITY MEDICAL CENTER,2160 SOUTH 1ST AVENUE,MAYWOOD,IL,60153,AHO,Adult Heart Only,10/17/1986,3/20/2015,6/9/2022,ILLU,Y
149802,LOYOLA UNIVERSITY MEDICAL CENTER,2160 SOUTH 1ST AVENUE,MAYWOOD,IL,60153,AKO,Adult Kidney Only,1/1/1985,3/16/2011,6/9/2022,ILLU,Y
149802,LOYOLA UNIVERSITY MEDICAL CENTER,2160 SOUTH 1ST AVENUE,MAYWOOD,IL,60153,ALI,Adult Liver Only,10/10/2000,3/16/2011,6/9/2022,ILLU,Y
149802,LOYOLA UNIVERSITY MEDICAL CENTER,2160 SOUTH 1ST AVENUE,MAYWOOD,IL,60153,ALO,Adult Lung Only,2/2/1995,3/16/2011,6/9/2022,ILLU,Y
149802,LOYOLA UNIVERSITY MEDICAL CENTER,2160 SOUTH 1ST AVENUE,MAYWOOD,IL,60153,APA,Adult Pancreas,6/23/2017,6/23/2017,6/9/2022,ILLU,N
149803,RUSH UNIVERSITY MEDICAL CENTER,1653 WEST CONGRESS PARKWAY,CHICAGO,IL,60612,AKO,Adult Kidney Only,1/1/1980,8/26/2008,6/10/2021,ILPL,Y
149803,RUSH UNIVERSITY MEDICAL CENTER,1653 WEST CONGRESS PARKWAY,CHICAGO,IL,60612,ALI,Adult Liver Only,1/1/1980,8/26/2008,6/10/2021,ILPL,Y
149803,RUSH UNIVERSITY MEDICAL CENTER,1653 WEST CONGRESS PARKWAY,CHICAGO,IL,60612,APA,Adult Pancreas,1/1/1980,8/26/2008,6/10/2021,ILPL,Y
149804,ANN & ROBERT H LURIE CHILDRENS HOSPITAL OF CHICAGO,"225 E CHICAGO AVENUE, BOX 57",CHICAGO,IL,60611,PHO,Pediatric Heart Only,3/23/2009,3/23/2009,7/8/2021,ILCM,N
149804,ANN & ROBERT H LURIE CHILDRENS HOSPITAL OF CHICAGO,"225 E CHICAGO AVENUE, BOX 57",CHICAGO,IL,60611,PIM,Pediatric Intestine/Multivisceral,3/23/2009,3/23/2009,7/8/2021,ILCM,N
149804,ANN & ROBERT H LURIE CHILDRENS HOSPITAL OF CHICAGO,"225 E CHICAGO AVENUE, BOX 57",CHICAGO,IL,60611,PKO,Pediatric Kidney Only,1/1/1980,3/23/2009,7/8/2021,ILCM,Y
149804,ANN & ROBERT H LURIE CHILDRENS HOSPITAL OF CHICAGO,"225 E CHICAGO AVENUE, BOX 57",CHICAGO,IL,60611,PLI,Pediatric Liver,10/26/2000,3/23/2009,7/8/2021,ILCM,Y
149805,UNIVERSITY OF ILLINOIS MEDICAL CENTER,"1740 WEST TAYLOR, SUITE 1400",CHICAGO,IL,60612,AIM,Adult Intestine/Multivisceral,7/17/2020,7/17/2020,4/22/2021,ILUI,N
149805,UNIVERSITY OF ILLINOIS MEDICAL CENTER,"1740 WEST TAYLOR, SUITE 1400",CHICAGO,IL,60612,AKO,Adult Kidney Only,5/16/2008,5/16/2008,4/22/2021,ILUI,Y
149805,UNIVERSITY OF ILLINOIS MEDICAL CENTER,"1740 WEST TAYLOR, SUITE 1400",CHICAGO,IL,60612,ALI,Adult Liver Only,5/16/2008,5/16/2008,4/22/2021,ILUI,Y
149805,UNIVERSITY OF ILLINOIS MEDICAL CENTER,"1740 WEST TAYLOR, SUITE 1400",CHICAGO,IL,60612,APA,Adult Pancreas,5/16/2008,5/16/2008,4/22/2021,ILUI,Y
149806,NORTHWESTERN MEMORIAL HOSPITAL,251 EAST HURON STREET,CHICAGO,IL,60611,AHO,Adult Heart Only,9/29/2006,8/31/2009,1/14/2021,ILNM,Y
149806,NORTHWESTERN MEMORIAL HOSPITAL,251 EAST HURON STREET,CHICAGO,IL,60611,AKO,Adult Kidney Only,1/1/1977,8/31/2009,1/14/2021,ILNM,Y
149806,NORTHWESTERN MEMORIAL HOSPITAL,251 EAST HURON STREET,CHICAGO,IL,60611,ALI,Adult Liver Only,2/2/1996,8/31/2009,1/14/2021,ILNM,Y
149806,NORTHWESTERN MEMORIAL HOSPITAL,251 EAST HURON STREET,CHICAGO,IL,60611,ALO,Adult Lung Only,12/29/2015,12/29/2015,1/14/2021,ILNM,N
149806,NORTHWESTERN MEMORIAL HOSPITAL,251 EAST HURON STREET,CHICAGO,IL,60611,APA,Adult Pancreas,1/1/1977,8/31/2009,1/14/2021,ILNM,Y
149807,ST FRANCIS MEDICAL CENTER TRANSPLANT,530 NE GLEN OAK AVENUE,PEORIA,IL,61637,AHO,Adult Heart Only,11/17/2022,11/17/2022,11/17/2022,ILSF,N
149807,ST FRANCIS MEDICAL CENTER TRANSPLANT,530 NE GLEN OAK AVENUE,PEORIA,IL,61637,AKO,Adult Kidney Only,1/1/1980,12/22/2009,11/17/2022,ILSF,Y
149807,ST FRANCIS MEDICAL CENTER TRANSPLANT,530 NE GLEN OAK AVENUE,PEORIA,IL,61637,APA,Adult Pancreas,1/1/1980,12/22/2009,11/17/2022,ILSF,Y
149808,MEMORIAL MEDICAL CENTER,701 NORTH FIRST STREET - TRANSPLANT SERVICES,SPRINGFIELD,IL,62781,AKO,Adult Kidney Only,6/15/1975,12/8/2010,11/14/2019,ILMM,Y
149809,ADVOCATE CHRIST MEDICAL CENTER,4400 WEST 95TH STREET,OAK LAWN,IL,60453,AHO,Adult Heart Only,3/20/2013,3/20/2013,12/17/2020,ILCH,N
149809,ADVOCATE CHRIST MEDICAL CENTER,4400 WEST 95TH STREET,OAK LAWN,IL,60453,AKO,Adult Kidney Only,2/2/2012,2/2/2012,12/17/2020,ILCH,N
149809,ADVOCATE CHRIST MEDICAL CENTER,4400 WEST 95TH STREET,OAK LAWN,IL,60453,ALO,Adult Lung Only,7/19/2017,7/19/2017,12/17/2020,ILCH,N
159802,ST VINCENT HOSPITAL,2001 W 86TH ST,INDIANAPOLIS,IN,46260,AHO,Adult Heart Only,7/28/1995,7/20/2009,3/16/2022,INSV,Y
159802,ST VINCENT HOSPITAL,2001 W 86TH ST,INDIANAPOLIS,IN,46260,AKO,Adult Kidney Only,8/17/2010,8/17/2010,3/16/2022,INSV,N
159803,INDIANA UNIVERSITY HEALTH TRANSPLANT,1701 NORTH SENATE BLVD,INDIANAPOLIS,IN,46206,AHL,Adult Heart Lung,1/1/1997,11/23/2009,8/31/2022,INIM,Y
159803,INDIANA UNIVERSITY HEALTH TRANSPLANT,1701 NORTH SENATE BLVD,INDIANAPOLIS,IN,46206,AHO,Adult Heart Only,1/1/1997,11/23/2009,8/31/2022,INIM,Y
159803,INDIANA UNIVERSITY HEALTH TRANSPLANT,1701 NORTH SENATE BLVD,INDIANAPOLIS,IN,46206,AIM,Adult Intestine/Multivisceral,6/7/2005,11/23/2009,8/31/2022,INIM,Y
159803,INDIANA UNIVERSITY HEALTH TRANSPLANT,1701 NORTH SENATE BLVD,INDIANAPOLIS,IN,46206,AKO,Adult Kidney Only,9/18/2000,11/23/2009,8/31/2022,INIM,Y
159803,INDIANA UNIVERSITY HEALTH TRANSPLANT,1701 NORTH SENATE BLVD,INDIANAPOLIS,IN,46206,ALI,Adult Liver Only,1/1/1997,11/23/2009,8/31/2022,INIM,Y
159803,INDIANA UNIVERSITY HEALTH TRANSPLANT,1701 NORTH SENATE BLVD,INDIANAPOLIS,IN,46206,ALO,Adult Lung Only,1/1/1997,11/23/2009,8/31/2022,INIM,Y
159803,INDIANA UNIVERSITY HEALTH TRANSPLANT,1701 NORTH SENATE BLVD,INDIANAPOLIS,IN,46206,APA,Adult Pancreas,9/18/2000,11/23/2009,8/31/2022,INIM,Y
169800,IOWA METHODIST MEDICAL CENTER TRANSPLANT CENTER,1200 PLEASANT STREET,DES MOINES,IA,50309,AKO,Adult Kidney Only,12/7/1987,12/31/2007,1/7/2025,IAIM,Y
169800,IOWA METHODIST MEDICAL CENTER TRANSPLANT CENTER,1200 PLEASANT STREET,DES MOINES,IA,50309,PKO,Pediatric Kidney Only,12/7/1987,9/8/2010,9/8/2010,IAIM,Y
169802,THE UNIVERSITY OF IOWA HOSPITALS AND CLINICS,200 HAWKINS DRIVE,IOWA CITY,IA,52242,AHO,Adult Heart Only,7/27/1998,4/7/2009,3/11/2026,IAIV,Y
169802,THE UNIVERSITY OF IOWA HOSPITALS AND CLINICS,200 HAWKINS DRIVE,IOWA CITY,IA,52242,AKO,Adult Kidney Only,1/1/1970,4/7/2009,3/11/2026,IAIV,Y
169802,THE UNIVERSITY OF IOWA HOSPITALS AND CLINICS,200 HAWKINS DRIVE,IOWA CITY,IA,52242,ALI,Adult Liver Only,8/21/1995,4/7/2009,3/11/2026,IAIV,Y
169802,THE UNIVERSITY OF IOWA HOSPITALS AND CLINICS,200 HAWKINS DRIVE,IOWA CITY,IA,52242,ALO,Adult Lung Only,4/7/2009,4/7/2009,3/11/2026,IAIV,N
169802,THE UNIVERSITY OF IOWA HOSPITALS AND CLINICS,200 HAWKINS DRIVE,IOWA CITY,IA,52242,APA,Adult Pancreas,1/1/1970,4/7/2009,3/11/2026,IAIV,Y
169802,THE UNIVERSITY OF IOWA HOSPITALS AND CLINICS,200 HAWKINS DRIVE,IOWA CITY,IA,52242,PHO,Pediatric Heart Only,4/7/2009,4/7/2009,3/11/2026,IAIV,N
169802,THE UNIVERSITY OF IOWA HOSPITALS AND CLINICS,200 HAWKINS DRIVE,IOWA CITY,IA,52242,PKO,Pediatric Kidney Only,1/1/1970,4/7/2009,3/11/2026,IAIV,Y
169802,THE UNIVERSITY OF IOWA HOSPITALS AND CLINICS,200 HAWKINS DRIVE,IOWA CITY,IA,52242,PLI,Pediatric Liver,4/7/2009,4/7/2009,1/16/2009,IAIV,N
179801,UNIVERSITY OF KANSAS HOSPITAL TRANSPLANT CENTER,3901 RAINBOW BLVD,KANSAS CITY,KS,66106,AHO,Adult Heart Only,5/7/2009,5/7/2009,7/19/2017,KSUK,N
179801,UNIVERSITY OF KANSAS HOSPITAL TRANSPLANT CENTER,3901 RAINBOW BLVD,KANSAS CITY,KS,66106,AKO,Adult Kidney Only,5/7/2009,5/7/2009,9/29/2016,KSUK,N
179801,UNIVERSITY OF KANSAS HOSPITAL TRANSPLANT CENTER,3901 RAINBOW BLVD,KANSAS CITY,KS,66106,ALI,Adult Liver Only,3/8/2012,3/8/2012,9/29/2016,KSUK,N
179801,UNIVERSITY OF KANSAS HOSPITAL TRANSPLANT CENTER,3901 RAINBOW BLVD,KANSAS CITY,KS,66106,ALO,Adult Lung Only,5/7/2009,5/7/2009,5/7/2009,KSUK,N
179801,UNIVERSITY OF KANSAS HOSPITAL TRANSPLANT CENTER,3901 RAINBOW BLVD,KANSAS CITY,KS,66106,APA,Adult Pancreas,5/7/2009,5/7/2009,9/29/2016,KSUK,N
189800,JEWISH HOSPITAL AND ST MARY'S HEALTHCARE,200 ABRAHAM FLEXNER WAY,LOUISVILLE,KY,40202,AHO,Adult Heart Only,2/19/2009,2/19/2009,7/11/2024,KYJH,N
189800,JEWISH HOSPITAL AND ST MARY'S HEALTHCARE,200 ABRAHAM FLEXNER WAY,LOUISVILLE,KY,40202,AKO,Adult Kidney Only,2/19/2009,2/19/2009,7/11/2024,KYJH,N
189800,JEWISH HOSPITAL AND ST MARY'S HEALTHCARE,200 ABRAHAM FLEXNER WAY,LOUISVILLE,KY,40202,ALI,Adult Liver Only,2/19/2009,2/19/2009,7/11/2024,KYJH,N
189800,JEWISH HOSPITAL AND ST MARY'S HEALTHCARE,200 ABRAHAM FLEXNER WAY,LOUISVILLE,KY,40202,ALO,Adult Lung Only,2/19/2009,2/19/2009,7/11/2024,KYJH,N
189800,JEWISH HOSPITAL AND ST MARY'S HEALTHCARE,200 ABRAHAM FLEXNER WAY,LOUISVILLE,KY,40202,APA,Adult Pancreas,2/19/2009,2/19/2009,7/11/2024,KYJH,N
189801,NORTON CHILDREN'S HOSPITAL,231 EAST CHESTNUT ST,LOUISVILLE,KY,40202,PHO,Pediatric Heart Only,9/3/2008,9/3/2008,9/25/2024,KYKC,N
189801,NORTON CHILDREN'S HOSPITAL,231 EAST CHESTNUT ST,LOUISVILLE,KY,40202,PHO,Pediatric Heart Only,5/22/2018,5/22/2018,9/25/2024,KYKC,N
189801,NORTON CHILDREN'S HOSPITAL,231 EAST CHESTNUT ST,LOUISVILLE,KY,40202,PKO,Pediatric Kidney Only,9/3/2008,9/3/2008,9/25/2024,KYKC,N
189802,UNIVERSITY OF KENTUCKY CHANDLER HOSPITAL,800 ROSE STREET,LEXINGTON,KY,40536,AHO,Adult Heart Only,8/13/2010,8/13/2010,7/25/2024,KYUK,N
189802,UNIVERSITY OF KENTUCKY CHANDLER HOSPITAL,800 ROSE STREET,LEXINGTON,KY,40536,AKO,Adult Kidney Only,8/13/2010,8/13/2010,7/25/2024,KYUK,N
189802,UNIVERSITY OF KENTUCKY CHANDLER HOSPITAL,800 ROSE STREET,LEXINGTON,KY,40536,ALI,Adult Liver Only,8/13/2010,8/13/2010,7/25/2024,KYUK,N
189802,UNIVERSITY OF KENTUCKY CHANDLER HOSPITAL,800 ROSE STREET,LEXINGTON,KY,40536,ALO,Adult Lung Only,8/13/2010,8/13/2010,7/25/2024,KYUK,N
189802,UNIVERSITY OF KENTUCKY CHANDLER HOSPITAL,800 ROSE STREET,LEXINGTON,KY,40536,APA,Adult Pancreas,8/13/2010,8/13/2010,7/25/2024,KYUK,N
189802,UNIVERSITY OF KENTUCKY CHANDLER HOSPITAL,800 ROSE STREET,LEXINGTON,KY,40536,PKO,Pediatric Kidney Only,7/25/2024,7/25/2024,7/25/2024,KYUK,N
189802,UNIVERSITY OF KENTUCKY CHANDLER HOSPITAL,800 ROSE STREET,LEXINGTON,KY,40536,PLO,Pediatric Lung Only,7/25/2024,7/25/2024,7/25/2024,KYUK,N
199801,EAST JEFFERSON GENERAL HOSPITAL,4200 HOUMA BLVD,METAIRIE,LA,70006,AHO,Adult Heart Only,4/14/2011,4/14/2011,1/24/2011,LATU,N
199801,EAST JEFFERSON GENERAL HOSPITAL,4200 HOUMA BLVD,METAIRIE,LA,70006,AKO,Adult Kidney Only,4/24/1979,6/27/2008,4/15/2021,LATU,Y
199801,EAST JEFFERSON GENERAL HOSPITAL,4200 HOUMA BLVD,METAIRIE,LA,70006,ALI,Adult Liver Only,11/3/1999,6/27/2008,4/15/2021,LATU,Y
199801,EAST JEFFERSON GENERAL HOSPITAL,4200 HOUMA BLVD,METAIRIE,LA,70006,APA,Adult Pancreas,4/24/1979,6/27/2008,4/15/2021,LATU,Y
199801,EAST JEFFERSON GENERAL HOSPITAL,4200 HOUMA BLVD,METAIRIE,LA,70006,PKO,Pediatric Kidney Only,4/24/1979,6/27/2008,6/27/2008,LATU,Y
199801,EAST JEFFERSON GENERAL HOSPITAL,4200 HOUMA BLVD,METAIRIE,LA,70006,PLI,Pediatric Liver,4/24/1979,6/27/2008,6/27/2008,LATU,Y
199802,OCHSNER FOUNDATION HOSPITAL,1514 JEFFERSON HIGHWAY,NEW ORLEANS,LA,70121,AHO,Adult Heart Only,1/19/1990,3/5/2009,6/18/2021,LAOF,Y
199802,OCHSNER FOUNDATION HOSPITAL,1514 JEFFERSON HIGHWAY,NEW ORLEANS,LA,70121,AKO,Adult Kidney Only,6/25/1993,3/5/2009,6/18/2021,LAOF,Y
199802,OCHSNER FOUNDATION HOSPITAL,1514 JEFFERSON HIGHWAY,NEW ORLEANS,LA,70121,ALI,Adult Liver Only,3/8/1990,3/5/2009,6/18/2021,LAOF,Y
199802,OCHSNER FOUNDATION HOSPITAL,1514 JEFFERSON HIGHWAY,NEW ORLEANS,LA,70121,ALO,Adult Lung Only,1/11/2011,1/11/2011,6/18/2021,LAOF,N
199802,OCHSNER FOUNDATION HOSPITAL,1514 JEFFERSON HIGHWAY,NEW ORLEANS,LA,70121,APA,Adult Pancreas,6/25/1993,3/5/2009,6/18/2021,LAOF,Y
199803,"THE CRIPPLED CHILDREN'S HOSPITAL, INC",200 HENRY CLAY AVE,NEW ORLEANS,LA,70118,PHO,Pediatric Heart Only,7/25/1995,11/27/2013,10/17/2013,LACH,Y
199803,"THE CRIPPLED CHILDREN'S HOSPITAL, INC",200 HENRY CLAY AVE,NEW ORLEANS,LA,70118,PKO,Pediatric Kidney Only,7/25/1995,8/17/2009,10/26/2022,LACH,Y
199803,"THE CRIPPLED CHILDREN'S HOSPITAL, INC",200 HENRY CLAY AVE,NEW ORLEANS,LA,70118,PLI,Pediatric Liver,3/27/2019,3/27/2019,10/26/2022,LACH,N
199804,WILLIS-KNIGHTON MEDICAL CENTER,"2751 ALBERT BICKNELL DRIVE, SUITE 4A",SHREVEPORT,LA,71103,AKO,Adult Kidney Only,6/12/1989,7/15/2010,7/27/2022,LAWK,Y
199804,WILLIS-KNIGHTON MEDICAL CENTER,"2751 ALBERT BICKNELL DRIVE, SUITE 4A",SHREVEPORT,LA,71103,ALI,Adult Liver Only,12/15/1994,4/29/2010,7/27/2022,LAWK,Y
199804,WILLIS-KNIGHTON MEDICAL CENTER,"2751 ALBERT BICKNELL DRIVE, SUITE 4A",SHREVEPORT,LA,71103,APA,Adult Pancreas,6/12/1989,7/15/2010,7/27/2022,LAWK,Y
209801,MAINE MEDICAL CENTER -TRANSPLANT CENTER,43 BAXTER BLVD,PORTLAND,ME,04101,AKO,Adult Kidney Only,8/31/1977,5/7/2010,5/24/2024,MEMC,Y
219800,"JOHNS HOPKINS HOSPITAL, THE",600 NORTH WOLFE STREET,BALTIMORE,MD,21287,AHL,Adult Heart Lung,3/1/2000,7/28/2009,1/29/2016,MDJH,Y
219800,"JOHNS HOPKINS HOSPITAL, THE",600 NORTH WOLFE STREET,BALTIMORE,MD,21287,AHO,Adult Heart Only,10/17/1986,11/24/2008,1/29/2016,MDJH,Y
219800,"JOHNS HOPKINS HOSPITAL, THE",600 NORTH WOLFE STREET,BALTIMORE,MD,21287,AKO,Adult Kidney Only,9/1/1977,7/28/2009,1/29/2016,MDJH,Y
219800,"JOHNS HOPKINS HOSPITAL, THE",600 NORTH WOLFE STREET,BALTIMORE,MD,21287,AKO,Adult Kidney Only,7/28/2009,7/28/2009,1/29/2016,MDJH,N
219800,"JOHNS HOPKINS HOSPITAL, THE",600 NORTH WOLFE STREET,BALTIMORE,MD,21287,ALI,Adult Liver Only,7/28/2009,7/28/2009,1/29/2016,MDJH,N
219800,"JOHNS HOPKINS HOSPITAL, THE",600 NORTH WOLFE STREET,BALTIMORE,MD,21287,ALI,Adult Liver Only,8/15/2011,8/15/2011,1/29/2016,MDJH,N
219800,"JOHNS HOPKINS HOSPITAL, THE",600 NORTH WOLFE STREET,BALTIMORE,MD,21287,ALO,Adult Lung Only,3/1/2000,7/28/2009,1/29/2016,MDJH,Y
219800,"JOHNS HOPKINS HOSPITAL, THE",600 NORTH WOLFE STREET,BALTIMORE,MD,21287,APA,Adult Pancreas,9/1/1977,7/28/2009,1/29/2016,MDJH,Y
219800,"JOHNS HOPKINS HOSPITAL, THE",600 NORTH WOLFE STREET,BALTIMORE,MD,21287,APA,Adult Pancreas,7/28/2009,7/28/2009,1/29/2016,MDJH,N
219801,UNIVERSITY OF MARYLAND MEDICAL CENTER,22 SOUTH GREENE STREET,BALTIMORE,MD,21201,AHL,Adult Heart Lung,12/5/1997,10/30/2009,6/27/2012,MDUM,Y
219801,UNIVERSITY OF MARYLAND MEDICAL CENTER,22 SOUTH GREENE STREET,BALTIMORE,MD,21201,AHO,Adult Heart Only,6/23/2003,10/30/2009,7/16/2015,MDUM,Y
219801,UNIVERSITY OF MARYLAND MEDICAL CENTER,22 SOUTH GREENE STREET,BALTIMORE,MD,21201,AKO,Adult Kidney Only,9/1/1977,10/30/2009,7/16/2015,MDUM,Y
219801,UNIVERSITY OF MARYLAND MEDICAL CENTER,22 SOUTH GREENE STREET,BALTIMORE,MD,21201,ALI,Adult Liver Only,8/28/1997,10/30/2009,7/16/2015,MDUM,Y
219801,UNIVERSITY OF MARYLAND MEDICAL CENTER,22 SOUTH GREENE STREET,BALTIMORE,MD,21201,ALO,Adult Lung Only,12/5/1997,10/30/2009,7/16/2015,MDUM,Y
219801,UNIVERSITY OF MARYLAND MEDICAL CENTER,22 SOUTH GREENE STREET,BALTIMORE,MD,21201,APA,Adult Pancreas,9/1/1977,10/30/2009,7/16/2015,MDUM,Y
229801,BRIGHAM AND WOMEN'S HOSPITAL -  TRANSPLANT CENTER,75 FRANCIS STREET,BOSTON,MA,02115,AHO,Adult Heart Only,6/20/1987,1/24/2008,4/25/2024,MAPB,Y
229801,BRIGHAM AND WOMEN'S HOSPITAL -  TRANSPLANT CENTER,75 FRANCIS STREET,BOSTON,MA,02115,AKO,Adult Kidney Only,8/5/1977,1/24/2008,4/25/2024,MAPB,Y
229801,BRIGHAM AND WOMEN'S HOSPITAL -  TRANSPLANT CENTER,75 FRANCIS STREET,BOSTON,MA,02115,ALO,Adult Lung Only,8/19/1996,1/24/2008,4/25/2024,MAPB,Y
229801,BRIGHAM AND WOMEN'S HOSPITAL -  TRANSPLANT CENTER,75 FRANCIS STREET,BOSTON,MA,02115,APA,Adult Pancreas,8/5/1977,1/24/2008,4/25/2024,MAPB,Y
229802,LAHEY CLINIC - TRANSPLANT CENTER,41 & 45 MALL ROAD,BURLINGTON,MA,01803,AKO,Adult Kidney Only,2/21/1984,5/9/2008,8/1/2024,MALC,Y
229802,LAHEY CLINIC - TRANSPLANT CENTER,41 & 45 MALL ROAD,BURLINGTON,MA,01803,ALI,Adult Liver Only,10/11/2000,5/9/2008,8/1/2024,MALC,Y
229803,BETH ISRAEL DEACONESS MED CTR -  TRANSPLANT CENTER,330 BROOKLINE AVENUE,BOSTON,MA,02115,AHO,Adult Heart Only,7/21/2025,7/21/2025,3/5/2025,MABI,N
229803,BETH ISRAEL DEACONESS MED CTR -  TRANSPLANT CENTER,330 BROOKLINE AVENUE,BOSTON,MA,02115,AKO,Adult Kidney Only,9/1/1977,7/11/2008,3/5/2025,MABI,Y
229803,BETH ISRAEL DEACONESS MED CTR -  TRANSPLANT CENTER,330 BROOKLINE AVENUE,BOSTON,MA,02115,ALI,Adult Liver Only,7/11/2008,7/11/2008,3/5/2025,MABI,Y
229803,BETH ISRAEL DEACONESS MED CTR -  TRANSPLANT CENTER,330 BROOKLINE AVENUE,BOSTON,MA,02115,APA,Adult Pancreas,9/1/1977,7/11/2008,3/5/2025,MABI,Y
229804,BOSTON MEDICAL CENTER - TRANSPLANT CENTER,1 BOSTON MEDICAL PLACE,BOSTON,MA,02118,AKO,Adult Kidney Only,9/1/1977,11/12/2008,5/3/2023,MABU,Y
229805,UNIVERSITY OF MASS MEMORIAL MED CTR - TRANSPLANT,55 LAKE AVENUE NORTH,WORCESTER,MA,01655,AKO,Adult Kidney Only,12/12/1989,2/5/2009,6/7/2023,MAUM,Y
229805,UNIVERSITY OF MASS MEMORIAL MED CTR - TRANSPLANT,55 LAKE AVENUE NORTH,WORCESTER,MA,01655,ALI,Adult Liver Only,1/23/2001,2/5/2009,6/7/2023,MAUM,Y
229805,UNIVERSITY OF MASS MEMORIAL MED CTR - TRANSPLANT,55 LAKE AVENUE NORTH,WORCESTER,MA,01655,APA,Adult Pancreas,12/12/1989,2/5/2009,6/7/2023,MAUM,Y
229806,BOSTON CHILDREN'S HOSPITAL - TRANSPLANT CENTER,300 LONGWOOD AVE,BOSTON,MA,02115,PHO,Pediatric Heart Only,4/13/2011,4/13/2011,11/18/2025,MACH,N
229806,BOSTON CHILDREN'S HOSPITAL - TRANSPLANT CENTER,300 LONGWOOD AVE,BOSTON,MA,02115,PIM,Pediatric Intestine/Multivisceral,4/13/2011,4/13/2011,11/18/2025,MACH,N
229806,BOSTON CHILDREN'S HOSPITAL - TRANSPLANT CENTER,300 LONGWOOD AVE,BOSTON,MA,02115,PKO,Pediatric Kidney Only,4/3/2009,4/3/2009,11/18/2025,MACH,N
229806,BOSTON CHILDREN'S HOSPITAL - TRANSPLANT CENTER,300 LONGWOOD AVE,BOSTON,MA,02115,PLI,Pediatric Liver,4/13/2011,4/13/2011,11/18/2025,MACH,N
229806,BOSTON CHILDREN'S HOSPITAL - TRANSPLANT CENTER,300 LONGWOOD AVE,BOSTON,MA,02115,PLO,Pediatric Lung Only,4/13/2011,4/13/2011,11/18/2025,MACH,N
229807,TUFTS MEDICAL CENTER - TRANSPLANT,750 WASHINGTON STREET,BOSTON,MA,02111,AHO,Adult Heart Only,3/29/2001,4/8/2009,2/27/2025,MANM,Y
229807,TUFTS MEDICAL CENTER - TRANSPLANT,750 WASHINGTON STREET,BOSTON,MA,02111,AKO,Adult Kidney Only,10/7/1986,4/8/2009,2/27/2025,MANM,Y
229807,TUFTS MEDICAL CENTER - TRANSPLANT,750 WASHINGTON STREET,BOSTON,MA,02111,ALI,Adult Liver Only,7/21/2025,7/21/2025,2/27/2025,MANM,N
229808,MASSACHUSETTS GENERAL HOSPITAL - TRANSPLANT CENTER,55 FRUIT STREET,BOSTON,MA,02114,AHL,Adult Heart Lung,3/4/1996,6/23/2009,10/26/2022,MAMG,Y
229808,MASSACHUSETTS GENERAL HOSPITAL - TRANSPLANT CENTER,55 FRUIT STREET,BOSTON,MA,02114,AHO,Adult Heart Only,10/13/1992,6/23/2009,10/26/2022,MAMG,Y
229808,MASSACHUSETTS GENERAL HOSPITAL - TRANSPLANT CENTER,55 FRUIT STREET,BOSTON,MA,02114,AKO,Adult Kidney Only,8/31/1977,6/23/2009,10/26/2022,MAMG,Y
229808,MASSACHUSETTS GENERAL HOSPITAL - TRANSPLANT CENTER,55 FRUIT STREET,BOSTON,MA,02114,ALI,Adult Liver Only,3/8/1990,6/23/2009,10/26/2022,MAMG,Y
229808,MASSACHUSETTS GENERAL HOSPITAL - TRANSPLANT CENTER,55 FRUIT STREET,BOSTON,MA,02114,ALO,Adult Lung Only,3/4/1996,6/23/2009,10/26/2022,MAMG,Y
229808,MASSACHUSETTS GENERAL HOSPITAL - TRANSPLANT CENTER,55 FRUIT STREET,BOSTON,MA,02114,APA,Adult Pancreas,8/31/1977,6/23/2009,10/26/2022,MAMG,Y
229809,BAYSTATE MEDICAL CENTER - TRANSPLANT CENTER,759 CHESTNUT STREET,SPRINGFIELD,MA,01199,AKO,Adult Kidney Only,2/6/1989,6/22/2010,8/14/2024,MABS,Y
239801,HENRY FORD HOSPITAL,2799 W GRAND BLVD,DETROIT,MI,48202,AHL,Adult Heart Lung,2/1/1999,7/11/2008,7/28/2022,MIHF,Y
239801,HENRY FORD HOSPITAL,2799 W GRAND BLVD,DETROIT,MI,48202,AHO,Adult Heart Only,8/2/1988,7/11/2008,7/28/2022,MIHF,Y
239801,HENRY FORD HOSPITAL,2799 W GRAND BLVD,DETROIT,MI,48202,AIM,Adult Intestine/Multivisceral,2/8/2013,2/8/2013,7/28/2022,MIHF,N
239801,HENRY FORD HOSPITAL,2799 W GRAND BLVD,DETROIT,MI,48202,AKO,Adult Kidney Only,10/17/1983,7/11/2008,7/28/2022,MIHF,Y
239801,HENRY FORD HOSPITAL,2799 W GRAND BLVD,DETROIT,MI,48202,ALI,Adult Liver Only,4/5/1995,7/11/2008,7/28/2022,MIHF,Y
239801,HENRY FORD HOSPITAL,2799 W GRAND BLVD,DETROIT,MI,48202,ALO,Adult Lung Only,2/1/1999,7/11/2008,7/28/2022,MIHF,Y
239801,HENRY FORD HOSPITAL,2799 W GRAND BLVD,DETROIT,MI,48202,APA,Adult Pancreas,10/17/1983,7/11/2008,7/28/2022,MIHF,Y
239802,CHILDRENS OF MI TRANSPLANT,3901 BEAUBIEN BLVD,DETROIT,MI,48201,PHO,Pediatric Heart Only,6/17/2009,6/17/2009,7/28/2021,MICH,N
239802,CHILDRENS OF MI TRANSPLANT,3901 BEAUBIEN BLVD,DETROIT,MI,48201,PKO,Pediatric Kidney Only,9/1/1977,2/12/2009,7/28/2021,MICH,Y
239802,CHILDRENS OF MI TRANSPLANT,3901 BEAUBIEN BLVD,DETROIT,MI,48201,PLI,Pediatric Liver,10/31/2016,10/31/2016,7/28/2021,MICH,N
239803,UNIVERSITY OF MICHIGAN MEDICAL CENTER,"1500 E MEDICAL CTR DR, 3868 TAUBMAN CENTER, SPC",ANN ARBOR,MI,48109,AHL,Adult Heart Lung,8/20/1997,9/18/2009,7/14/2011,MIUM,Y
239803,UNIVERSITY OF MICHIGAN MEDICAL CENTER,"1500 E MEDICAL CTR DR, 3868 TAUBMAN CENTER, SPC",ANN ARBOR,MI,48109,AHO,Adult Heart Only,1/19/1990,9/18/2009,7/14/2022,MIUM,Y
239803,UNIVERSITY OF MICHIGAN MEDICAL CENTER,"1500 E MEDICAL CTR DR, 3868 TAUBMAN CENTER, SPC",ANN ARBOR,MI,48109,AKO,Adult Kidney Only,9/1/1977,9/18/2009,7/14/2022,MIUM,Y
239803,UNIVERSITY OF MICHIGAN MEDICAL CENTER,"1500 E MEDICAL CTR DR, 3868 TAUBMAN CENTER, SPC",ANN ARBOR,MI,48109,ALI,Adult Liver Only,3/8/1990,9/18/2009,7/14/2022,MIUM,Y
239803,UNIVERSITY OF MICHIGAN MEDICAL CENTER,"1500 E MEDICAL CTR DR, 3868 TAUBMAN CENTER, SPC",ANN ARBOR,MI,48109,ALO,Adult Lung Only,8/20/1997,9/18/2009,7/14/2022,MIUM,Y
239803,UNIVERSITY OF MICHIGAN MEDICAL CENTER,"1500 E MEDICAL CTR DR, 3868 TAUBMAN CENTER, SPC",ANN ARBOR,MI,48109,APA,Adult Pancreas,9/1/1977,9/18/2009,7/14/2022,MIUM,Y
239804,ST JOHN HOSPITAL - TRANSPLANT,22101 MOROSS,DETROIT,MI,48236,AKO,Adult Kidney Only,8/29/1990,9/15/2009,12/8/2022,MISJ,Y
239806,BEAUMONT HEALTH SYSTEM,3601 W 13 MILE RD,ROYAL OAK,MI,48073,AKO,Adult Kidney Only,9/1/1977,9/14/2009,7/21/2022,MIBH,Y
239806,BEAUMONT HEALTH SYSTEM,3601 W 13 MILE RD,ROYAL OAK,MI,48073,ALI,Adult Liver Only,5/23/2012,5/23/2012,7/21/2022,MIBH,N
239807,DEVOS CHILDRENS HOSPITAL - TRANSPLANT UNIT,100 MICHIGAN STREET NE,GRAND RAPIDS,MI,49503,PKO,Pediatric Kidney Only,8/9/2004,4/16/2010,12/8/2022,MIDV,Y
239808,SAINT MARY'S HEALTH CARE,200 JEFFERSON ST SE,GRAND RAPIDS,MI,49503,AKO,Adult Kidney Only,9/1/1977,10/13/2010,2/7/2023,MISM,Y
239809,SPECTRUM HEALTH ADULT SOLID ORGAN TRANSPLANT PROGR,"100 MICHIGAN ST, NE MC231",GRAND RAPIDS,MI,49503,AHO,Adult Heart Only,1/19/2012,1/19/2012,9/24/2025,MISH,N
239809,SPECTRUM HEALTH ADULT SOLID ORGAN TRANSPLANT PROGR,"100 MICHIGAN ST, NE MC231",GRAND RAPIDS,MI,49503,ALO,Adult Lung Only,1/21/2014,1/21/2014,9/24/2025,MISH,N
249801,MAYO CLINIC HOSPITAL-ROCHESTER,201 WEST CENTER STREET,ROCHESTER,MN,55902,AKO,Adult Kidney Only,7/14/2008,7/14/2008,7/28/2016,MNMC,Y
249801,MAYO CLINIC HOSPITAL-ROCHESTER,201 WEST CENTER STREET,ROCHESTER,MN,55902,ALI,Adult Liver Only,7/14/2008,7/14/2008,7/28/2016,MNMC,Y
249801,MAYO CLINIC HOSPITAL-ROCHESTER,201 WEST CENTER STREET,ROCHESTER,MN,55902,APA,Adult Pancreas,7/14/2008,7/14/2008,7/28/2016,MNMC,Y
249801,MAYO CLINIC HOSPITAL-ROCHESTER,201 WEST CENTER STREET,ROCHESTER,MN,55902,PKO,Pediatric Kidney Only,7/14/2008,7/14/2008,7/28/2016,MNMC,Y
249802,ABBOTT NORTHWESTERN ORGAN TRANSPLANT HOSPITAL,800 EAST 28TH STREET,MINNEAPOLIS,MN,55407,AHO,Adult Heart Only,6/13/2011,6/13/2011,5/1/2015,MNAN,N
249802,ABBOTT NORTHWESTERN ORGAN TRANSPLANT HOSPITAL,800 EAST 28TH STREET,MINNEAPOLIS,MN,55407,AKO,Adult Kidney Only,6/13/2011,6/13/2011,5/1/2015,MNAN,N
249803,MAYO CLINIC HOSPITAL-ROCHESTER,1216 SECOND STREET SOUTHWEST,ROCHESTER,MN,55902,AHL,Adult Heart Lung,1/13/2003,8/7/2008,7/28/2016,MNMC,Y
249803,MAYO CLINIC HOSPITAL-ROCHESTER,1216 SECOND STREET SOUTHWEST,ROCHESTER,MN,55902,AHO,Adult Heart Only,8/4/1993,8/7/2008,7/28/2016,MNMC,Y
249803,MAYO CLINIC HOSPITAL-ROCHESTER,1216 SECOND STREET SOUTHWEST,ROCHESTER,MN,55902,AKO,Adult Kidney Only,1/9/1991,2/23/2009,7/28/2016,MNMC,Y
249803,MAYO CLINIC HOSPITAL-ROCHESTER,1216 SECOND STREET SOUTHWEST,ROCHESTER,MN,55902,ALI,Adult Liver Only,2/23/2009,2/23/2009,7/28/2016,MNMC,N
249803,MAYO CLINIC HOSPITAL-ROCHESTER,1216 SECOND STREET SOUTHWEST,ROCHESTER,MN,55902,ALO,Adult Lung Only,1/13/2003,8/7/2008,7/28/2016,MNMC,Y
249803,MAYO CLINIC HOSPITAL-ROCHESTER,1216 SECOND STREET SOUTHWEST,ROCHESTER,MN,55902,PHO,Pediatric Heart Only,8/7/2008,8/7/2008,7/28/2016,MNMC,Y
249803,MAYO CLINIC HOSPITAL-ROCHESTER,1216 SECOND STREET SOUTHWEST,ROCHESTER,MN,55902,PKO,Pediatric Kidney Only,1/9/1991,8/7/2008,7/28/2016,MNMC,Y
249803,MAYO CLINIC HOSPITAL-ROCHESTER,1216 SECOND STREET SOUTHWEST,ROCHESTER,MN,55902,PLI,Pediatric Liver,8/7/2008,8/7/2008,7/28/2016,MNMC,Y
249804,M HEALTH FAIRVIEW UNIVERSITY,2450 RIVERSIDE AVENUE,MINNEAPOLIS,MN,55455,AHL,Adult Heart Lung,6/9/2010,6/9/2010,6/15/2017,MNUM,N
249804,M HEALTH FAIRVIEW UNIVERSITY,2450 RIVERSIDE AVENUE,MINNEAPOLIS,MN,55455,AHO,Adult Heart Only,1/1/1997,10/20/2012,6/15/2017,MNUM,Y
249804,M HEALTH FAIRVIEW UNIVERSITY,2450 RIVERSIDE AVENUE,MINNEAPOLIS,MN,55455,AKO,Adult Kidney Only,6/9/2010,6/9/2010,6/15/2017,MNUM,N
249804,M HEALTH FAIRVIEW UNIVERSITY,2450 RIVERSIDE AVENUE,MINNEAPOLIS,MN,55455,ALI,Adult Liver Only,6/9/2010,6/9/2010,6/15/2017,MNUM,N
249804,M HEALTH FAIRVIEW UNIVERSITY,2450 RIVERSIDE AVENUE,MINNEAPOLIS,MN,55455,ALO,Adult Lung Only,6/9/2010,6/9/2010,6/15/2017,MNUM,N
249804,M HEALTH FAIRVIEW UNIVERSITY,2450 RIVERSIDE AVENUE,MINNEAPOLIS,MN,55455,APA,Adult Pancreas,6/9/2010,6/9/2010,6/15/2017,MNUM,N
249804,M HEALTH FAIRVIEW UNIVERSITY,2450 RIVERSIDE AVENUE,MINNEAPOLIS,MN,55455,PHO,Pediatric Heart Only,2/27/2009,2/27/2009,6/15/2017,MNUM,N
249804,M HEALTH FAIRVIEW UNIVERSITY,2450 RIVERSIDE AVENUE,MINNEAPOLIS,MN,55455,PKO,Pediatric Kidney Only,6/9/2010,6/9/2010,6/15/2017,MNUM,N
249804,M HEALTH FAIRVIEW UNIVERSITY,2450 RIVERSIDE AVENUE,MINNEAPOLIS,MN,55455,PLI,Pediatric Liver,6/9/2010,6/9/2010,6/15/2017,MNUM,N
249804,M HEALTH FAIRVIEW UNIVERSITY,2450 RIVERSIDE AVENUE,MINNEAPOLIS,MN,55455,PPA,Pediatric Pancreas,6/9/2010,6/9/2010,6/15/2017,MNUM,N
249805,HENNEPIN COUNTY MEDICAL CENTER,701 PARK AVE,MINNEAPOLIS,MN,55415,AKO,Adult Kidney Only,9/1/1977,11/10/2009,10/19/2016,MNHC,Y
249806,CHILDREN'S HOSPITALS OF MN ORGAN TRANSPLANT,2525 CHICAGO AVENUE SOUTH,MINNEAPOLIS,MN,55404,PHO,Pediatric Heart Only,2/8/2021,2/8/2021,1/6/2021,MNCM,N
259800,UNIVERSITY OF MS MEDICAL CENTER ( TRANSPLANT CTR),2500 N STATE STREET,JACKSON,MS,39216,AHO,Adult Heart Only,10/2/1996,4/28/2011,3/30/2023,MSUM,Y
259800,UNIVERSITY OF MS MEDICAL CENTER ( TRANSPLANT CTR),2500 N STATE STREET,JACKSON,MS,39216,AKO,Adult Kidney Only,9/1/1976,4/28/2011,3/30/2023,MSUM,Y
259800,UNIVERSITY OF MS MEDICAL CENTER ( TRANSPLANT CTR),2500 N STATE STREET,JACKSON,MS,39216,ALI,Adult Liver Only,10/2/1996,3/25/2014,3/30/2023,MSUM,Y
259800,UNIVERSITY OF MS MEDICAL CENTER ( TRANSPLANT CTR),2500 N STATE STREET,JACKSON,MS,39216,ALI,Adult Liver Only,3/25/2014,3/25/2014,3/30/2023,MSUM,N
259800,UNIVERSITY OF MS MEDICAL CENTER ( TRANSPLANT CTR),2500 N STATE STREET,JACKSON,MS,39216,APA,Adult Pancreas,9/1/1976,12/11/2013,3/30/2023,MSUM,Y
269800,ST LUKE'S HOSPITAL OF KANSAS CITY,4401 WORNALL ROAD,KANSAS CITY,MO,64111,AHO,Adult Heart Only,6/29/1990,10/26/2007,8/8/2024,MOJH,Y
269800,ST LUKE'S HOSPITAL OF KANSAS CITY,4401 WORNALL ROAD,KANSAS CITY,MO,64111,AHO,Adult Heart Only,10/26/2007,10/26/2007,8/8/2024,MOJH,Y
269800,ST LUKE'S HOSPITAL OF KANSAS CITY,4401 WORNALL ROAD,KANSAS CITY,MO,64111,AKO,Adult Kidney Only,6/30/1977,10/26/2007,8/8/2024,MOJH,Y
269800,ST LUKE'S HOSPITAL OF KANSAS CITY,4401 WORNALL ROAD,KANSAS CITY,MO,64111,AKO,Adult Kidney Only,10/26/2007,10/26/2007,8/8/2024,MOJH,Y
269800,ST LUKE'S HOSPITAL OF KANSAS CITY,4401 WORNALL ROAD,KANSAS CITY,MO,64111,ALI,Adult Liver Only,8/9/2013,8/9/2013,8/8/2024,MOJH,N
269801,RESEARCH MEDICAL CENTER,2316 EAST MEYER BOULEVARD,KANSAS CITY,MO,64132,AKO,Adult Kidney Only,4/1/1985,4/29/2011,11/14/2024,MORH,Y
269801,RESEARCH MEDICAL CENTER,2316 EAST MEYER BOULEVARD,KANSAS CITY,MO,64132,APA,Adult Pancreas,4/1/1985,4/29/2011,11/14/2024,MORH,Y
269802,ST LOUIS UNIVERSITY HOSPITAL,"3635 VISTA AVE, PO BOX 15250",SAINT LOUIS,MO,63111,AKO,Adult Kidney Only,7/6/1977,7/15/2008,9/25/2024,MOSL,Y
269802,ST LOUIS UNIVERSITY HOSPITAL,"3635 VISTA AVE, PO BOX 15250",SAINT LOUIS,MO,63111,ALI,Adult Liver Only,3/15/1995,7/15/2008,9/25/2024,MOSL,Y
269802,ST LOUIS UNIVERSITY HOSPITAL,"3635 VISTA AVE, PO BOX 15250",SAINT LOUIS,MO,63111,APA,Adult Pancreas,7/6/1977,7/15/2008,9/25/2024,MOSL,Y
269803,BARNES-JEWISH HOSPITAL,216 SOUTH KINGSHIGHWAY,SAINT LOUIS,MO,63110,AHL,Adult Heart Lung,2/2/1995,11/14/2008,10/24/2024,MOBH,Y
269803,BARNES-JEWISH HOSPITAL,216 SOUTH KINGSHIGHWAY,SAINT LOUIS,MO,63110,AHO,Adult Heart Only,9/16/1987,11/14/2008,10/24/2024,MOBH,Y
269803,BARNES-JEWISH HOSPITAL,216 SOUTH KINGSHIGHWAY,SAINT LOUIS,MO,63110,AKO,Adult Kidney Only,8/26/1980,11/14/2008,10/24/2024,MOBH,Y
269803,BARNES-JEWISH HOSPITAL,216 SOUTH KINGSHIGHWAY,SAINT LOUIS,MO,63110,AKO,Adult Kidney Only,2/2/1995,11/14/2008,10/24/2024,MOBH,Y
269803,BARNES-JEWISH HOSPITAL,216 SOUTH KINGSHIGHWAY,SAINT LOUIS,MO,63110,ALI,Adult Liver Only,3/8/1990,11/14/2008,10/24/2024,MOBH,Y
269803,BARNES-JEWISH HOSPITAL,216 SOUTH KINGSHIGHWAY,SAINT LOUIS,MO,63110,ALO,Adult Lung Only,3/8/1990,11/14/2008,10/24/2024,MOBH,Y
269803,BARNES-JEWISH HOSPITAL,216 SOUTH KINGSHIGHWAY,SAINT LOUIS,MO,63110,ALO,Adult Lung Only,2/2/1995,11/14/2008,10/24/2024,MOBH,Y
269803,BARNES-JEWISH HOSPITAL,216 SOUTH KINGSHIGHWAY,SAINT LOUIS,MO,63110,APA,Adult Pancreas,8/26/1980,11/14/2008,10/24/2024,MOBH,Y
269804,UNIVERSITY OF MO HOSPITAL & CLINICS,"ONE HOSPITAL DRIVE, ROOM CE121, DC031,00",COLUMBIA,MO,65212,AKO,Adult Kidney Only,6/30/1977,10/26/2009,7/18/2024,MOUM,Y
269804,UNIVERSITY OF MO HOSPITAL & CLINICS,"ONE HOSPITAL DRIVE, ROOM CE121, DC031,00",COLUMBIA,MO,65212,PKO,Pediatric Kidney Only,6/30/1977,10/26/2009,7/18/2024,MOUM,Y
269805,ST LOUIS CHILDREN'S HOSPITAL,ONE CHILDREN'S PLACE,SAINT LOUIS,MO,63110,PHL,Pediatric Heart Lung,11/9/2011,11/9/2011,10/9/2024,MOCH,N
269805,ST LOUIS CHILDREN'S HOSPITAL,ONE CHILDREN'S PLACE,SAINT LOUIS,MO,63110,PHO,Pediatric Heart Only,11/9/2011,11/9/2011,10/9/2024,MOCH,N
269805,ST LOUIS CHILDREN'S HOSPITAL,ONE CHILDREN'S PLACE,SAINT LOUIS,MO,63110,PKO,Pediatric Kidney Only,6/30/1977,6/18/2009,10/9/2024,MOCH,Y
269805,ST LOUIS CHILDREN'S HOSPITAL,ONE CHILDREN'S PLACE,SAINT LOUIS,MO,63110,PLI,Pediatric Liver,6/18/2009,6/18/2009,10/9/2024,MOCH,N
269805,ST LOUIS CHILDREN'S HOSPITAL,ONE CHILDREN'S PLACE,SAINT LOUIS,MO,63110,PLO,Pediatric Lung Only,11/9/2011,11/9/2011,10/9/2024,MOCH,N
269806,THE CHILDREN'S MERCY HOSPITAL,2401 GILLHAM ROAD,KANSAS CITY,MO,64108,PHO,Pediatric Heart Only,12/21/2017,12/21/2017,9/11/2024,MOCM,N
269806,THE CHILDREN'S MERCY HOSPITAL,2401 GILLHAM ROAD,KANSAS CITY,MO,64108,PKO,Pediatric Kidney Only,7/1/1985,10/30/2010,9/11/2024,MOCM,Y
269806,THE CHILDREN'S MERCY HOSPITAL,2401 GILLHAM ROAD,KANSAS CITY,MO,64108,PLI,Pediatric Liver,12/21/2017,12/21/2017,9/11/2024,MOCM,N
269807,SSM CARDINAL GLENNON CHILDREN'S HOSPITAL,1465 SOUTH GRAND BOULEVARD,SAINT LOUIS,MO,63104,PHO,Pediatric Heart Only,9/1/2000,12/10/2010,8/29/2024,MOCG,Y
269807,SSM CARDINAL GLENNON CHILDREN'S HOSPITAL,1465 SOUTH GRAND BOULEVARD,SAINT LOUIS,MO,63104,PKO,Pediatric Kidney Only,3/1/1985,12/10/2010,8/29/2024,MOCG,Y
269807,SSM CARDINAL GLENNON CHILDREN'S HOSPITAL,1465 SOUTH GRAND BOULEVARD,SAINT LOUIS,MO,63104,PLI,Pediatric Liver,9/1/2000,12/10/2010,8/29/2024,MOCG,Y
289805,THE NEBRASKA MEDICAL CENTER,987435 NEBRASKA MEDICAL CENTER,OMAHA,NE,68198,AHO,Adult Heart Only,5/29/2009,5/29/2009,5/16/2024,NEUN,N
289805,THE NEBRASKA MEDICAL CENTER,987435 NEBRASKA MEDICAL CENTER,OMAHA,NE,68198,AKO,Adult Kidney Only,5/29/2009,5/29/2009,5/16/2024,NEUN,N
289805,THE NEBRASKA MEDICAL CENTER,987435 NEBRASKA MEDICAL CENTER,OMAHA,NE,68198,ALI,Adult Liver Only,5/29/2009,5/29/2009,5/16/2024,NEUN,N
289805,THE NEBRASKA MEDICAL CENTER,987435 NEBRASKA MEDICAL CENTER,OMAHA,NE,68198,ALO,Adult Lung Only,1/31/2018,1/31/2018,1/31/2018,NEUN,N
289805,THE NEBRASKA MEDICAL CENTER,987435 NEBRASKA MEDICAL CENTER,OMAHA,NE,68198,APA,Adult Pancreas,5/29/2009,5/29/2009,5/16/2024,NEUN,N
289805,THE NEBRASKA MEDICAL CENTER,987435 NEBRASKA MEDICAL CENTER,OMAHA,NE,68198,PIM,Pediatric Intestine/Multivisceral,5/29/2009,5/29/2009,5/16/2024,NEUN,N
289805,THE NEBRASKA MEDICAL CENTER,987435 NEBRASKA MEDICAL CENTER,OMAHA,NE,68198,PKO,Pediatric Kidney Only,5/29/2009,5/29/2009,5/16/2024,NEUN,N
289805,THE NEBRASKA MEDICAL CENTER,987435 NEBRASKA MEDICAL CENTER,OMAHA,NE,68198,PLI,Pediatric Liver,5/29/2009,5/29/2009,5/16/2024,NEUN,N
289806,CHILDREN'S NEBRASKA,8200 DODGE STREET,OMAHA,NE,68114,PHO,Pediatric Heart Only,8/26/2013,8/26/2013,9/12/2024,NECH,N
289806,CHILDREN'S NEBRASKA,8200 DODGE STREET,OMAHA,NE,68114,PHO,Pediatric Heart Only,10/9/2024,10/9/2024,9/12/2024,NECH,N
299800,UMC TRANSPLANTATION SERVICES,1800 W CHARLESTON BLVD,LAS VEGAS,NV,89102,AKO,Adult Kidney Only,11/18/1989,5/19/2009,4/20/2022,NVUM,Y
309801,MARY HITCHCOCK MEMORIAL HOSPITAL - TRANSPLANT,ONE MEDICAL CENTER DRIVE,LEBANON,NH,03756,AKO,Adult Kidney Only,6/9/1992,12/30/2009,5/25/2022,NHDH,Y
319800,OUR LADY OF LOURDES MEDICAL CENTER,1600 HADDON AVENUE,CAMDEN,NJ,08103,AKO,Adult Kidney Only,9/1/1977,12/11/2008,5/15/2026,NJLL,Y
319800,OUR LADY OF LOURDES MEDICAL CENTER,1600 HADDON AVENUE,CAMDEN,NJ,08103,ALI,Adult Liver Only,6/6/2008,6/6/2008,5/15/2026,NJLL,Y
319800,OUR LADY OF LOURDES MEDICAL CENTER,1600 HADDON AVENUE,CAMDEN,NJ,08103,APA,Adult Pancreas,9/1/1977,12/11/2008,5/15/2026,NJLL,Y
319801,ROBERT WOOD JOHNSON UNIVERSITY HOSPITAL,ONE ROBERT WOOD JOHNSON PLACE,NEW BRUNSWICK,NJ,08901,AHO,Adult Heart Only,7/1/1966,10/22/2008,7/16/2021,NJRW,Y
319801,ROBERT WOOD JOHNSON UNIVERSITY HOSPITAL,ONE ROBERT WOOD JOHNSON PLACE,NEW BRUNSWICK,NJ,08901,AKO,Adult Kidney Only,7/1/1966,8/10/2009,7/16/2021,NJRW,Y
319801,ROBERT WOOD JOHNSON UNIVERSITY HOSPITAL,ONE ROBERT WOOD JOHNSON PLACE,NEW BRUNSWICK,NJ,08901,APA,Adult Pancreas,7/1/1966,12/19/2008,7/16/2021,NJRW,Y
319802,HACKENSACK UNIVERSITY MEDICAL CENTER,30 PROSPECT AVE,HACKENSACK,NJ,07601,AKO,Adult Kidney Only,7/8/1999,10/16/2008,1/30/2025,NJHK,Y
319802,HACKENSACK UNIVERSITY MEDICAL CENTER,30 PROSPECT AVE,HACKENSACK,NJ,07601,APA,Adult Pancreas,7/8/1999,10/16/2008,1/30/2025,NJHK,Y
319803,NEWARK BETH ISRAEL MEDICAL CENTER,201 LYON AVENUE AT OSBORNE TERRACE,NEWARK,NJ,07112,AHO,Adult Heart Only,2/14/1996,2/10/2010,7/27/2023,NJBI,Y
319803,NEWARK BETH ISRAEL MEDICAL CENTER,201 LYON AVENUE AT OSBORNE TERRACE,NEWARK,NJ,07112,ALO,Adult Lung Only,2/10/2010,2/10/2010,7/27/2023,NJBI,N
319804,SAINT BARNABAS MEDICAL CENTER,94 OLD SHORT HILLS ROAD,LIVINGSTON,NJ,07039,AKO,Adult Kidney Only,9/1/1977,5/17/2010,7/14/2023,NJSB,Y
319804,SAINT BARNABAS MEDICAL CENTER,94 OLD SHORT HILLS ROAD,LIVINGSTON,NJ,07039,APA,Adult Pancreas,9/1/1977,5/17/2010,7/14/2023,NJSB,Y
319805,"UNIVERSITY HOSPITAL, UNIVERSITY OF MEDICINE AND DE",150 BERGEN STREET,NEWARK,NJ,07103,ALI,Adult Liver Only,8/5/1993,6/16/2010,8/4/2023,NJUH,Y
329801,PRESBYTERIAN HEALTHCARE TRANSPLANT,1100 CENTRAL SE,ALBUQUERQUE,NM,87102,AKO,Adult Kidney Only,4/9/1986,5/27/2010,3/4/2022,NMPH,Y
329801,PRESBYTERIAN HEALTHCARE TRANSPLANT,1100 CENTRAL SE,ALBUQUERQUE,NM,87102,APA,Adult Pancreas,4/9/1986,5/9/2017,3/4/2022,NMPH,Y
329802,"UNIVERSITY HOSPITAL, UNIVERSITY OF NEW MEXICO HEAL",2211 LOMAS BOULEVARD NE,ALBUQUERQUE,NM,87106,AKO,Adult Kidney Only,9/1/1977,5/25/2010,5/12/2022,NMAQ,Y
329802,"UNIVERSITY HOSPITAL, UNIVERSITY OF NEW MEXICO HEAL",2211 LOMAS BOULEVARD NE,ALBUQUERQUE,NM,87106,PKO,Pediatric Kidney Only,6/15/2022,6/15/2022,5/12/2022,NMAQ,N
339800,UNIVERSITY HOSPITAL S U N Y HEALTH SCIENCE CTR T C,750 EAST ADAMS STREET,SYRACUSE,NY,13210,AKO,Adult Kidney Only,1/1/1980,12/12/2008,5/12/2021,NMAQ,Y
339800,UNIVERSITY HOSPITAL S U N Y HEALTH SCIENCE CTR T C,750 EAST ADAMS STREET,SYRACUSE,NY,13210,AKO,Adult Kidney Only,12/12/2008,12/12/2008,5/12/2021,NMAQ,N
339800,UNIVERSITY HOSPITAL S U N Y HEALTH SCIENCE CTR T C,750 EAST ADAMS STREET,SYRACUSE,NY,13210,APA,Adult Pancreas,9/15/2016,9/15/2016,5/12/2021,NMAQ,N
339801,NORTH SHORE UNIVERSITY HOSPITAL - MANHASSET T C,300 COMMUNITY DRIVE,MANHASSET,NY,11030,AHO,Adult Heart Only,3/7/2019,3/7/2019,12/10/2025,NYNS,N
339801,NORTH SHORE UNIVERSITY HOSPITAL - MANHASSET T C,300 COMMUNITY DRIVE,MANHASSET,NY,11030,AKO,Adult Kidney Only,4/4/2008,4/4/2008,12/10/2025,NYNS,Y
339801,NORTH SHORE UNIVERSITY HOSPITAL - MANHASSET T C,300 COMMUNITY DRIVE,MANHASSET,NY,11030,ALI,Adult Liver Only,9/14/2021,9/14/2021,12/10/2025,NYNS,N
339801,NORTH SHORE UNIVERSITY HOSPITAL - MANHASSET T C,300 COMMUNITY DRIVE,MANHASSET,NY,11030,ALO,Adult Lung Only,1/24/2023,1/24/2023,12/10/2025,NYNS,N
339802,UNIVERSITY HOSPITAL OF BROOKLYN ( DOWNSTATE) T C,445 LENOX ROAD,BROOKLYN,NY,11203,AKO,Adult Kidney Only,6/5/2008,6/5/2008,10/2/2025,NYDS,Y
339802,UNIVERSITY HOSPITAL OF BROOKLYN ( DOWNSTATE) T C,445 LENOX ROAD,BROOKLYN,NY,11203,PKO,Pediatric Kidney Only,6/5/2008,6/5/2008,8/21/2015,NYDS,Y
339803,NEW YORK-PRESBYTERIAN HOSPITAL AT COLUMBIA T C,622 WEST 168TH STREET,NEW YORK,NY,10032,AHO,Adult Heart Only,7/21/2008,7/21/2008,6/9/2022,NYNY,Y
339803,NEW YORK-PRESBYTERIAN HOSPITAL AT COLUMBIA T C,622 WEST 168TH STREET,NEW YORK,NY,10032,AKO,Adult Kidney Only,7/21/2008,7/21/2008,6/9/2022,NYNY,Y
339803,NEW YORK-PRESBYTERIAN HOSPITAL AT COLUMBIA T C,622 WEST 168TH STREET,NEW YORK,NY,10032,ALI,Adult Liver Only,7/21/2008,7/21/2008,6/9/2022,NYNY,Y
339803,NEW YORK-PRESBYTERIAN HOSPITAL AT COLUMBIA T C,622 WEST 168TH STREET,NEW YORK,NY,10032,ALO,Adult Lung Only,7/21/2008,7/21/2008,6/9/2022,NYNY,Y
339803,NEW YORK-PRESBYTERIAN HOSPITAL AT COLUMBIA T C,622 WEST 168TH STREET,NEW YORK,NY,10032,APA,Adult Pancreas,8/5/2010,8/5/2010,6/9/2022,NYNY,N
339803,NEW YORK-PRESBYTERIAN HOSPITAL AT COLUMBIA T C,622 WEST 168TH STREET,NEW YORK,NY,10032,PHO,Pediatric Heart Only,7/21/2008,7/21/2008,6/9/2022,NYNY,Y
339803,NEW YORK-PRESBYTERIAN HOSPITAL AT COLUMBIA T C,622 WEST 168TH STREET,NEW YORK,NY,10032,PIM,Pediatric Intestine/Multivisceral,7/21/2008,7/21/2008,6/9/2022,NYNY,Y
339803,NEW YORK-PRESBYTERIAN HOSPITAL AT COLUMBIA T C,622 WEST 168TH STREET,NEW YORK,NY,10032,PLI,Pediatric Liver,7/21/2008,7/21/2008,6/9/2022,NYNY,Y
339804,NYU  LANGONE HOSPITALS T C,550 FIRST AVENUE,NEW YORK,NY,10016,AHO,Adult Heart Only,8/22/2018,8/22/2018,1/14/2022,NYUC,N
339804,NYU  LANGONE HOSPITALS T C,550 FIRST AVENUE,NEW YORK,NY,10016,AKO,Adult Kidney Only,3/7/1983,9/2/2009,1/14/2022,NYUC,Y
339804,NYU  LANGONE HOSPITALS T C,550 FIRST AVENUE,NEW YORK,NY,10016,AKO,Adult Kidney Only,9/2/2009,9/2/2009,1/14/2022,NYUC,N
339804,NYU  LANGONE HOSPITALS T C,550 FIRST AVENUE,NEW YORK,NY,10016,ALI,Adult Liver Only,2/18/1994,3/3/2009,1/14/2022,NYUC,Y
339804,NYU  LANGONE HOSPITALS T C,550 FIRST AVENUE,NEW YORK,NY,10016,ALI,Adult Liver Only,3/3/2009,3/3/2009,1/14/2022,NYUC,N
339804,NYU  LANGONE HOSPITALS T C,550 FIRST AVENUE,NEW YORK,NY,10016,ALO,Adult Lung Only,8/22/2018,8/22/2018,1/14/2022,NYUC,N
339804,NYU  LANGONE HOSPITALS T C,550 FIRST AVENUE,NEW YORK,NY,10016,APA,Adult Pancreas,3/7/1983,2/25/2019,1/14/2022,NYUC,Y
339806,WESTCHESTER MEDICAL CENTER T C,100 WOODS RD,VALHALLA,NY,10595,AHO,Adult Heart Only,8/26/2010,8/26/2010,11/17/2020,NYWC,N
339806,WESTCHESTER MEDICAL CENTER T C,100 WOODS RD,VALHALLA,NY,10595,AKO,Adult Kidney Only,9/15/1980,5/15/2008,11/17/2020,NYWC,Y
339806,WESTCHESTER MEDICAL CENTER T C,100 WOODS RD,VALHALLA,NY,10595,ALI,Adult Liver Only,1/3/2001,5/15/2008,11/17/2020,NYWC,Y
339807,MONTEFIORE MEDICAL CENTER T C,111 EAST 210TH STREET,BRONX,NY,10467,AHO,Adult Heart Only,5/29/2009,5/29/2009,3/9/2022,NYMA,N
339807,MONTEFIORE MEDICAL CENTER T C,111 EAST 210TH STREET,BRONX,NY,10467,AKO,Adult Kidney Only,5/29/2009,5/29/2009,3/9/2022,NYMA,N
339807,MONTEFIORE MEDICAL CENTER T C,111 EAST 210TH STREET,BRONX,NY,10467,ALI,Adult Liver Only,9/23/2010,9/23/2010,3/9/2022,NYMA,N
339807,MONTEFIORE MEDICAL CENTER T C,111 EAST 210TH STREET,BRONX,NY,10467,ALO,Adult Lung Only,4/11/2018,4/11/2018,3/9/2022,NYMA,N
339807,MONTEFIORE MEDICAL CENTER T C,111 EAST 210TH STREET,BRONX,NY,10467,ALO,Adult Lung Only,5/10/2018,5/10/2018,3/9/2022,NYMA,N
339807,MONTEFIORE MEDICAL CENTER T C,111 EAST 210TH STREET,BRONX,NY,10467,APA,Adult Pancreas,4/27/2012,4/27/2012,3/9/2022,NYMA,N
339808,STRONG MEMORIAL HOSPITAL T C,601 ELMWOOD AVENUE,ROCHESTER,NY,14642,AHO,Adult Heart Only,7/16/2002,9/28/2009,5/18/2022,NYFL,Y
339808,STRONG MEMORIAL HOSPITAL T C,601 ELMWOOD AVENUE,ROCHESTER,NY,14642,AKO,Adult Kidney Only,1/1/1975,9/28/2009,5/18/2022,NYFL,Y
339808,STRONG MEMORIAL HOSPITAL T C,601 ELMWOOD AVENUE,ROCHESTER,NY,14642,ALI,Adult Liver Only,12/23/1997,9/28/2009,5/18/2022,NYFL,Y
339808,STRONG MEMORIAL HOSPITAL T C,601 ELMWOOD AVENUE,ROCHESTER,NY,14642,APA,Adult Pancreas,1/1/1975,9/28/2009,5/18/2022,NYFL,Y
339809,UNIVERSITY HOSPITAL ( STONY BROOK ) T C,NICHOLLS ROAD HSC T19040,STONY BROOK,NY,11794,AKO,Adult Kidney Only,12/11/1980,8/28/2009,9/26/2025,NYSB,Y
339810,NEW YORK-PRESBYTERIAN HOSPITAL AT CORNELL T C,525 EAST 68TH STREET,NEW YORK,NY,10065,AHO,Adult Heart Only,2/7/2024,2/7/2024,2/7/2024,NYCP,N
339810,NEW YORK-PRESBYTERIAN HOSPITAL AT CORNELL T C,525 EAST 68TH STREET,NEW YORK,NY,10065,AKO,Adult Kidney Only,8/13/1973,11/20/2009,2/7/2024,NYCP,Y
339810,NEW YORK-PRESBYTERIAN HOSPITAL AT CORNELL T C,525 EAST 68TH STREET,NEW YORK,NY,10065,ALI,Adult Liver Only,2/16/2012,2/16/2012,2/7/2024,NYCP,N
339810,NEW YORK-PRESBYTERIAN HOSPITAL AT CORNELL T C,525 EAST 68TH STREET,NEW YORK,NY,10065,APA,Adult Pancreas,8/13/1973,11/20/2009,2/7/2024,NYCP,Y
339810,NEW YORK-PRESBYTERIAN HOSPITAL AT CORNELL T C,525 EAST 68TH STREET,NEW YORK,NY,10065,PKO,Pediatric Kidney Only,8/13/1973,11/20/2009,2/7/2024,NYCP,Y
339811,ALBANY MEDICAL CENTER T C,43 NEW SCOTLAND AVENUE,ALBANY,NY,12208,AKO,Adult Kidney Only,7/10/1976,4/5/2010,12/17/2025,NYAM,Y
339811,ALBANY MEDICAL CENTER T C,43 NEW SCOTLAND AVENUE,ALBANY,NY,12208,APA,Adult Pancreas,7/10/1976,4/5/2010,11/15/2019,NYAM,Y
339813,MOUNT SINAI HOSPITAL T C,1 GUSTAVE LEVY PLACE,NEW YORK,NY,10029,AHO,Adult Heart Only,7/13/1994,1/23/2009,12/8/2022,NYMS,Y
339813,MOUNT SINAI HOSPITAL T C,1 GUSTAVE LEVY PLACE,NEW YORK,NY,10029,AIM,Adult Intestine/Multivisceral,4/1/2001,1/23/2009,12/8/2022,NYMS,Y
339813,MOUNT SINAI HOSPITAL T C,1 GUSTAVE LEVY PLACE,NEW YORK,NY,10029,AIM,Adult Intestine/Multivisceral,1/23/2009,1/23/2009,12/8/2022,NYMS,N
339813,MOUNT SINAI HOSPITAL T C,1 GUSTAVE LEVY PLACE,NEW YORK,NY,10029,AKO,Adult Kidney Only,1/1/1975,1/23/2009,12/8/2022,NYMS,Y
339813,MOUNT SINAI HOSPITAL T C,1 GUSTAVE LEVY PLACE,NEW YORK,NY,10029,ALI,Adult Liver Only,3/8/1990,1/23/2009,12/8/2022,NYMS,Y
339813,MOUNT SINAI HOSPITAL T C,1 GUSTAVE LEVY PLACE,NEW YORK,NY,10029,ALI,Adult Liver Only,1/23/2009,1/23/2009,12/8/2022,NYMS,N
339813,MOUNT SINAI HOSPITAL T C,1 GUSTAVE LEVY PLACE,NEW YORK,NY,10029,ALO,Adult Lung Only,12/8/2022,12/8/2022,12/8/2022,NYMS,N
339813,MOUNT SINAI HOSPITAL T C,1 GUSTAVE LEVY PLACE,NEW YORK,NY,10029,APA,Adult Pancreas,1/1/1975,1/23/2009,12/8/2022,NYMS,Y
339813,MOUNT SINAI HOSPITAL T C,1 GUSTAVE LEVY PLACE,NEW YORK,NY,10029,PHO,Pediatric Heart Only,1/23/2009,1/23/2009,8/4/2016,NYMS,N
339813,MOUNT SINAI HOSPITAL T C,1 GUSTAVE LEVY PLACE,NEW YORK,NY,10029,PIM,Pediatric Intestine/Multivisceral,1/23/2009,1/23/2009,8/4/2016,NYMS,N
339813,MOUNT SINAI HOSPITAL T C,1 GUSTAVE LEVY PLACE,NEW YORK,NY,10029,PKO,Pediatric Kidney Only,1/1/1975,1/23/2009,8/4/2016,NYMS,Y
339814,ERIE COUNTY MEDICAL CENTER T C,462 GRIDER STREET,BUFFALO,NY,14215,AKO,Adult Kidney Only,9/30/1988,12/14/2009,2/9/2023,NYEC,Y
339814,ERIE COUNTY MEDICAL CENTER T C,462 GRIDER STREET,BUFFALO,NY,14215,APA,Adult Pancreas,9/30/1988,12/14/2009,2/9/2023,NYEC,Y
339815,LONG ISLAND JEWISH MEDICAL CENTER T C,269-01 76TH AVENUE,NEW HYDE PARK,NY,11040,PKO,Pediatric Kidney Only,2/7/2018,2/7/2018,5/3/2023,NYCC,N
349800,UNIVERSITY OF NORTH CAROLINA HOSPITALS,101 MANNING DRIVE,CHAPEL HILL,NC,27514,AHL,Adult Heart Lung,11/7/2008,11/7/2008,8/22/2008,NCMH,N
349800,UNIVERSITY OF NORTH CAROLINA HOSPITALS,101 MANNING DRIVE,CHAPEL HILL,NC,27514,AHO,Adult Heart Only,11/7/2007,11/7/2008,4/14/2016,NCMH,Y
349800,UNIVERSITY OF NORTH CAROLINA HOSPITALS,101 MANNING DRIVE,CHAPEL HILL,NC,27514,AKO,Adult Kidney Only,11/7/2008,11/7/2008,4/14/2016,NCMH,N
349800,UNIVERSITY OF NORTH CAROLINA HOSPITALS,101 MANNING DRIVE,CHAPEL HILL,NC,27514,ALI,Adult Liver Only,11/7/2008,11/7/2008,4/14/2016,NCMH,N
349800,UNIVERSITY OF NORTH CAROLINA HOSPITALS,101 MANNING DRIVE,CHAPEL HILL,NC,27514,ALO,Adult Lung Only,11/7/2008,11/7/2008,4/14/2016,NCMH,N
349800,UNIVERSITY OF NORTH CAROLINA HOSPITALS,101 MANNING DRIVE,CHAPEL HILL,NC,27514,APA,Adult Pancreas,11/7/2005,11/7/2008,4/14/2016,NCMH,Y
349801,VIDANT MEDICAL CENTER,"2100 STANTONSBURG ROAD, PO BOX 6028",GREENVILLE,NC,27835,AKO,Adult Kidney Only,9/27/2011,9/27/2011,8/27/2015,NCEC,N
349801,VIDANT MEDICAL CENTER,"2100 STANTONSBURG ROAD, PO BOX 6028",GREENVILLE,NC,27835,APA,Adult Pancreas,8/27/2015,8/27/2015,8/27/2015,NCEC,N
349802,CAROLINAS MEDICAL CENTER,"TRANSPLANT CENTER, PO BOX 32861",CHARLOTTE,NC,28232,AHO,Adult Heart Only,12/5/2008,12/5/2008,10/19/2017,NCCM,N
349802,CAROLINAS MEDICAL CENTER,"TRANSPLANT CENTER, PO BOX 32861",CHARLOTTE,NC,28232,AKO,Adult Kidney Only,12/8/2008,12/8/2008,10/19/2017,NCCM,N
349802,CAROLINAS MEDICAL CENTER,"TRANSPLANT CENTER, PO BOX 32861",CHARLOTTE,NC,28232,ALI,Adult Liver Only,12/5/2008,12/5/2008,10/19/2017,NCCM,N
349802,CAROLINAS MEDICAL CENTER,"TRANSPLANT CENTER, PO BOX 32861",CHARLOTTE,NC,28232,APA,Adult Pancreas,12/5/2008,12/5/2008,10/19/2017,NCCM,N
349803,WAKE FOREST UNIVERSITY BAPTIST MEDICAL CENTER,MEDICAL CENTER BOULEVARD,WINSTON SALEM,NC,27157,AHO,Adult Heart Only,9/11/2013,9/11/2013,11/30/2017,NCBG,N
349803,WAKE FOREST UNIVERSITY BAPTIST MEDICAL CENTER,MEDICAL CENTER BOULEVARD,WINSTON SALEM,NC,27157,AKO,Adult Kidney Only,9/4/2008,9/4/2008,11/30/2017,NCBG,N
349803,WAKE FOREST UNIVERSITY BAPTIST MEDICAL CENTER,MEDICAL CENTER BOULEVARD,WINSTON SALEM,NC,27157,APA,Adult Pancreas,9/4/2008,9/4/2008,11/30/2017,NCBG,N
349804,DUKE UNIVERSITY HOSPTIAL,"PO BOX 3876, DUKE UNIVERSITY MEDICAL CENTER",DURHAM,NC,27710,AHL,Adult Heart Lung,10/26/2009,10/26/2009,4/25/2014,NCDU,N
349804,DUKE UNIVERSITY HOSPTIAL,"PO BOX 3876, DUKE UNIVERSITY MEDICAL CENTER",DURHAM,NC,27710,AHO,Adult Heart Only,10/26/2009,10/26/2009,6/15/2018,NCDU,N
349804,DUKE UNIVERSITY HOSPTIAL,"PO BOX 3876, DUKE UNIVERSITY MEDICAL CENTER",DURHAM,NC,27710,AKO,Adult Kidney Only,10/26/2009,10/26/2009,6/15/2018,NCDU,N
349804,DUKE UNIVERSITY HOSPTIAL,"PO BOX 3876, DUKE UNIVERSITY MEDICAL CENTER",DURHAM,NC,27710,ALI,Adult Liver Only,7/9/2018,7/9/2018,6/15/2018,NCDU,N
349804,DUKE UNIVERSITY HOSPTIAL,"PO BOX 3876, DUKE UNIVERSITY MEDICAL CENTER",DURHAM,NC,27710,ALO,Adult Lung Only,10/26/2009,10/26/2009,6/15/2018,NCDU,N
349804,DUKE UNIVERSITY HOSPTIAL,"PO BOX 3876, DUKE UNIVERSITY MEDICAL CENTER",DURHAM,NC,27710,APA,Adult Pancreas,10/26/2009,10/26/2009,6/15/2018,NCDU,N
349804,DUKE UNIVERSITY HOSPTIAL,"PO BOX 3876, DUKE UNIVERSITY MEDICAL CENTER",DURHAM,NC,27710,PIM,Pediatric Intestine/Multivisceral,12/18/2017,12/18/2017,6/15/2018,NCDU,N
359810,SANFORD BISMARCK TRANSPLANT CENTER,300 N 7TH ST,BISMARCK,ND,58501,AKO,Adult Kidney Only,9/26/1988,7/15/2010,12/29/2021,NDMC,Y
359811,SANFORD TRANSPLANT CENTER,736 BROADWAY,FARGO,ND,58122,AKO,Adult Kidney Only,6/8/1989,9/29/2010,11/14/2024,NDSL,Y
359811,SANFORD TRANSPLANT CENTER,736 BROADWAY,FARGO,ND,58122,APA,Adult Pancreas,6/8/1989,9/29/2010,1/15/2015,NDSL,Y
369801,CLEVELAND CLINIC TRANSPLANT CENTER,9500 EUCLID AVENUE,CLEVELAND,OH,44106,AHL,Adult Heart Lung,10/22/1997,9/27/2007,1/31/2019,OHUH,Y
369801,CLEVELAND CLINIC TRANSPLANT CENTER,9500 EUCLID AVENUE,CLEVELAND,OH,44106,AHO,Adult Heart Only,10/22/1997,9/27/2007,1/31/2019,OHUH,Y
369801,CLEVELAND CLINIC TRANSPLANT CENTER,9500 EUCLID AVENUE,CLEVELAND,OH,44106,AIM,Adult Intestine/Multivisceral,10/22/1997,12/15/2010,1/31/2019,OHUH,Y
369801,CLEVELAND CLINIC TRANSPLANT CENTER,9500 EUCLID AVENUE,CLEVELAND,OH,44106,AKO,Adult Kidney Only,10/22/1997,9/27/2007,1/31/2019,OHUH,Y
369801,CLEVELAND CLINIC TRANSPLANT CENTER,9500 EUCLID AVENUE,CLEVELAND,OH,44106,ALI,Adult Liver Only,10/22/1997,9/27/2007,1/31/2019,OHUH,Y
369801,CLEVELAND CLINIC TRANSPLANT CENTER,9500 EUCLID AVENUE,CLEVELAND,OH,44106,ALO,Adult Lung Only,10/22/1997,9/27/2007,1/31/2019,OHUH,Y
369801,CLEVELAND CLINIC TRANSPLANT CENTER,9500 EUCLID AVENUE,CLEVELAND,OH,44106,APA,Adult Pancreas,10/22/1997,9/27/2007,1/31/2019,OHUH,Y
369801,CLEVELAND CLINIC TRANSPLANT CENTER,9500 EUCLID AVENUE,CLEVELAND,OH,44106,PHL,Pediatric Heart Lung,10/22/1997,9/27/2007,1/31/2019,OHUH,Y
369801,CLEVELAND CLINIC TRANSPLANT CENTER,9500 EUCLID AVENUE,CLEVELAND,OH,44106,PKO,Pediatric Kidney Only,10/22/1997,9/27/2007,1/31/2019,OHUH,Y
369801,CLEVELAND CLINIC TRANSPLANT CENTER,9500 EUCLID AVENUE,CLEVELAND,OH,44106,PLI,Pediatric Liver,10/22/1997,9/27/2007,1/31/2019,OHUH,Y
369801,CLEVELAND CLINIC TRANSPLANT CENTER,9500 EUCLID AVENUE,CLEVELAND,OH,44106,PLO,Pediatric Lung Only,10/22/1997,9/27/2007,1/31/2019,OHUH,Y
369803,OHIO STATE UNIVERSITY HOSPITALS,410 WEST 10TH AVENUE,COLUMBUS,OH,43210,AHO,Adult Heart Only,3/12/2012,3/12/2012,8/4/2022,OHOU,N
369803,OHIO STATE UNIVERSITY HOSPITALS,410 WEST 10TH AVENUE,COLUMBUS,OH,43210,AKO,Adult Kidney Only,2/11/2009,2/11/2009,8/4/2022,OHOU,N
369803,OHIO STATE UNIVERSITY HOSPITALS,410 WEST 10TH AVENUE,COLUMBUS,OH,43210,ALI,Adult Liver Only,2/11/2009,2/11/2009,8/4/2022,OHOU,N
369803,OHIO STATE UNIVERSITY HOSPITALS,410 WEST 10TH AVENUE,COLUMBUS,OH,43210,ALO,Adult Lung Only,2/11/2009,2/11/2009,8/4/2022,OHOU,N
369803,OHIO STATE UNIVERSITY HOSPITALS,410 WEST 10TH AVENUE,COLUMBUS,OH,43210,APA,Adult Pancreas,2/11/2009,2/11/2009,8/4/2022,OHOU,N
369803,OHIO STATE UNIVERSITY HOSPITALS,410 WEST 10TH AVENUE,COLUMBUS,OH,43210,PKO,Pediatric Kidney Only,2/11/2009,2/11/2009,8/4/2022,OHOU,N
369804,UNIVERSITY OF CINCINNATI MEDICAL CENTER,234 GOODMAN STREET,CINCINNATI,OH,45267,AHO,Adult Heart Only,10/19/2017,10/19/2017,4/20/2023,OHUC,N
369804,UNIVERSITY OF CINCINNATI MEDICAL CENTER,234 GOODMAN STREET,CINCINNATI,OH,45267,AKO,Adult Kidney Only,11/5/2008,11/5/2008,4/20/2023,OHUC,N
369804,UNIVERSITY OF CINCINNATI MEDICAL CENTER,234 GOODMAN STREET,CINCINNATI,OH,45267,ALI,Adult Liver Only,8/25/2009,8/25/2009,4/20/2023,OHUC,N
369804,UNIVERSITY OF CINCINNATI MEDICAL CENTER,234 GOODMAN STREET,CINCINNATI,OH,45267,APA,Adult Pancreas,11/5/2008,11/5/2008,4/20/2023,OHUC,N
369805,UNIVERSITY OF TOLEDO MEDICAL CENTER,3000 ARLINGTON AVE,TOLEDO,OH,43614,AKO,Adult Kidney Only,1/1/1987,6/25/2009,11/15/2022,OHCO,Y
369805,UNIVERSITY OF TOLEDO MEDICAL CENTER,3000 ARLINGTON AVE,TOLEDO,OH,43614,AKO,Adult Kidney Only,6/25/2009,6/25/2009,11/15/2022,OHCO,N
369805,UNIVERSITY OF TOLEDO MEDICAL CENTER,3000 ARLINGTON AVE,TOLEDO,OH,43614,APA,Adult Pancreas,1/29/2024,1/29/2024,11/15/2022,OHCO,N
369806,CINCINNATI CHILDREN'S HOSPITAL MEDICAL CENTER,3333 BURNET AVENUE,CINCINNATI,OH,45229,PHO,Pediatric Heart Only,7/15/2009,7/15/2009,2/16/2023,OHCM,N
369806,CINCINNATI CHILDREN'S HOSPITAL MEDICAL CENTER,3333 BURNET AVENUE,CINCINNATI,OH,45229,PIM,Pediatric Intestine/Multivisceral,6/11/2009,6/11/2009,2/16/2023,OHCM,N
369806,CINCINNATI CHILDREN'S HOSPITAL MEDICAL CENTER,3333 BURNET AVENUE,CINCINNATI,OH,45229,PKO,Pediatric Kidney Only,6/11/2009,6/11/2009,2/16/2023,OHCM,N
369806,CINCINNATI CHILDREN'S HOSPITAL MEDICAL CENTER,3333 BURNET AVENUE,CINCINNATI,OH,45229,PLI,Pediatric Liver,6/11/2009,6/11/2009,2/16/2023,OHCM,N
369806,CINCINNATI CHILDREN'S HOSPITAL MEDICAL CENTER,3333 BURNET AVENUE,CINCINNATI,OH,45229,PLO,Pediatric Lung Only,1/21/2016,1/21/2016,1/26/2017,OHCM,N
369807,UNIVERSITY HOSPITALS CASE MEDICAL CENTER,11100 EUCLID AVENUE,CLEVELAND,OH,44106,AHO,Adult Heart Only,3/8/2017,3/8/2017,9/22/2022,OHCC,N
369807,UNIVERSITY HOSPITALS CASE MEDICAL CENTER,11100 EUCLID AVENUE,CLEVELAND,OH,44106,AKO,Adult Kidney Only,1/1/1970,12/16/2009,9/22/2022,OHCC,Y
369807,UNIVERSITY HOSPITALS CASE MEDICAL CENTER,11100 EUCLID AVENUE,CLEVELAND,OH,44106,ALI,Adult Liver Only,12/7/1992,12/16/2009,9/22/2022,OHCC,Y
369807,UNIVERSITY HOSPITALS CASE MEDICAL CENTER,11100 EUCLID AVENUE,CLEVELAND,OH,44106,ALO,Adult Lung Only,3/8/2017,3/8/2017,9/22/2022,OHCC,N
369807,UNIVERSITY HOSPITALS CASE MEDICAL CENTER,11100 EUCLID AVENUE,CLEVELAND,OH,44106,APA,Adult Pancreas,1/1/1970,12/16/2009,9/22/2022,OHCC,Y
369810,NATIONWIDE CHILDREN'S HOSPITAL,700 CHILDREN'S DRIVE,COLUMBUS,OH,43205,PHL,Pediatric Heart Lung,7/11/2012,7/11/2012,7/28/2022,OHCH,N
369810,NATIONWIDE CHILDREN'S HOSPITAL,700 CHILDREN'S DRIVE,COLUMBUS,OH,43205,PHL,Pediatric Heart Lung,7/18/2012,7/18/2012,7/28/2022,OHCH,N
369810,NATIONWIDE CHILDREN'S HOSPITAL,700 CHILDREN'S DRIVE,COLUMBUS,OH,43205,PHO,Pediatric Heart Only,1/14/2012,1/14/2012,7/28/2022,OHCH,N
369810,NATIONWIDE CHILDREN'S HOSPITAL,700 CHILDREN'S DRIVE,COLUMBUS,OH,43205,PKO,Pediatric Kidney Only,1/14/2012,1/14/2012,7/28/2022,OHCH,N
369810,NATIONWIDE CHILDREN'S HOSPITAL,700 CHILDREN'S DRIVE,COLUMBUS,OH,43205,PLI,Pediatric Liver,7/28/2022,7/28/2022,7/28/2022,OHCH,N
369810,NATIONWIDE CHILDREN'S HOSPITAL,700 CHILDREN'S DRIVE,COLUMBUS,OH,43205,PLO,Pediatric Lung Only,7/11/2012,7/11/2012,7/28/2022,OHCH,N
369810,NATIONWIDE CHILDREN'S HOSPITAL,700 CHILDREN'S DRIVE,COLUMBUS,OH,43205,PLO,Pediatric Lung Only,7/18/2012,7/18/2012,7/28/2022,OHCH,N
369811,CHRIST HOSPITAL - TRANSPLANT,2139 AUBURN AVENUE 5TH FLOOR,CINCINNATI,OH,45219,AHO,Adult Heart Only,2/13/2024,2/13/2024,2/13/2024,OHTC,N
369811,CHRIST HOSPITAL - TRANSPLANT,2139 AUBURN AVENUE 5TH FLOOR,CINCINNATI,OH,45219,AKO,Adult Kidney Only,9/18/1980,2/17/2011,2/13/2024,OHTC,Y
379801,O U MEDICAL CENTER,1200 EVERETT DR,OKLAHOMA CITY,OK,73117,AKO,Adult Kidney Only,2/5/1998,9/8/2008,9/1/2021,OKMD,Y
379801,O U MEDICAL CENTER,1200 EVERETT DR,OKLAHOMA CITY,OK,73117,ALI,Adult Liver Only,1/4/2012,1/4/2012,9/1/2021,OKMD,N
379801,O U MEDICAL CENTER,1200 EVERETT DR,OKLAHOMA CITY,OK,73117,ALI,Adult Liver Only,9/1/2021,9/1/2021,9/1/2021,OKMD,N
379801,O U MEDICAL CENTER,1200 EVERETT DR,OKLAHOMA CITY,OK,73117,APA,Adult Pancreas,2/5/1998,9/8/2008,9/1/2021,OKMD,Y
379803,INTEGRIS BAPTIST MEDICAL CENTER,3300 NORTHWEST EXPRESSWAY,OKLAHOMA CITY,OK,73112,AHL,Adult Heart Lung,4/9/2009,4/9/2009,9/29/2011,OKBC,N
379803,INTEGRIS BAPTIST MEDICAL CENTER,3300 NORTHWEST EXPRESSWAY,OKLAHOMA CITY,OK,73112,AHO,Adult Heart Only,4/9/2009,4/9/2009,3/25/2022,OKBC,N
379803,INTEGRIS BAPTIST MEDICAL CENTER,3300 NORTHWEST EXPRESSWAY,OKLAHOMA CITY,OK,73112,AKO,Adult Kidney Only,4/9/2009,4/9/2009,3/25/2022,OKBC,N
379803,INTEGRIS BAPTIST MEDICAL CENTER,3300 NORTHWEST EXPRESSWAY,OKLAHOMA CITY,OK,73112,ALI,Adult Liver Only,4/9/2009,4/9/2009,3/25/2022,OKBC,N
379803,INTEGRIS BAPTIST MEDICAL CENTER,3300 NORTHWEST EXPRESSWAY,OKLAHOMA CITY,OK,73112,ALO,Adult Lung Only,4/9/2009,4/9/2009,3/25/2022,OKBC,N
379803,INTEGRIS BAPTIST MEDICAL CENTER,3300 NORTHWEST EXPRESSWAY,OKLAHOMA CITY,OK,73112,APA,Adult Pancreas,4/9/2009,4/9/2009,3/25/2022,OKBC,N
379804,ST JOHN MEDICAL CENTER-TRANSPLANT,1923 S UTICA AVE,TULSA,OK,74104,AKO,Adult Kidney Only,5/11/1994,5/12/2009,10/28/2021,OKSJ,Y
389800,OHSU TRANSPLANT HOSPITAL,3181 SW SAM JACKSON PARK ROAD,PORTLAND,OR,97239,AHO,Adult Heart Only,6/15/1988,3/27/2009,7/7/2022,ORUO,Y
389800,OHSU TRANSPLANT HOSPITAL,3181 SW SAM JACKSON PARK ROAD,PORTLAND,OR,97239,AKO,Adult Kidney Only,9/1/1977,3/27/2009,7/7/2022,ORUO,Y
389800,OHSU TRANSPLANT HOSPITAL,3181 SW SAM JACKSON PARK ROAD,PORTLAND,OR,97239,ALI,Adult Liver Only,11/17/1993,3/27/2009,7/7/2022,ORUO,Y
389800,OHSU TRANSPLANT HOSPITAL,3181 SW SAM JACKSON PARK ROAD,PORTLAND,OR,97239,APA,Adult Pancreas,9/1/1977,3/27/2009,7/7/2022,ORUO,Y
389801,LEGACY TRANSPLANT SERVICES,1015 NW 22 AVE,PORTLAND,OR,97210,AKO,Adult Kidney Only,12/9/1999,2/22/2010,7/25/2018,ORGS,Y
389802,PROVIDENCE ST VINCENT HEART TRANSPLANT PROGRAM,9205 SW BARNES ROAD,PORTLAND,OR,97225,AHO,Adult Heart Only,6/3/2021,6/3/2021,6/3/2021,ORSV,N
399800,GEISINGER MEDICAL CENTER - TRANSPLANT CENTER,100 NORTH ACADEMY AVENUE,DANVILLE,PA,17822,AKO,Adult Kidney Only,3/20/1981,11/29/2007,3/12/2026,PAGM,Y
399800,GEISINGER MEDICAL CENTER - TRANSPLANT CENTER,100 NORTH ACADEMY AVENUE,DANVILLE,PA,17822,ALI,Adult Liver Only,11/29/2007,11/29/2007,3/12/2026,PAGM,Y
399801,UPMC PRESBYTERIAN SHADYSIDE,200 LOTHROP STREET,PITTSBURGH,PA,15213,AHL,Adult Heart Lung,2/2/1995,11/20/2007,8/4/2022,PAPT,Y
399801,UPMC PRESBYTERIAN SHADYSIDE,200 LOTHROP STREET,PITTSBURGH,PA,15213,AHO,Adult Heart Only,10/17/1986,11/20/2007,8/4/2022,PAPT,Y
399801,UPMC PRESBYTERIAN SHADYSIDE,200 LOTHROP STREET,PITTSBURGH,PA,15213,AIM,Adult Intestine/Multivisceral,4/1/2001,11/20/2007,8/4/2022,PAPT,Y
399801,UPMC PRESBYTERIAN SHADYSIDE,200 LOTHROP STREET,PITTSBURGH,PA,15213,AKO,Adult Kidney Only,9/1/1977,11/20/2007,8/4/2022,PAPT,Y
399801,UPMC PRESBYTERIAN SHADYSIDE,200 LOTHROP STREET,PITTSBURGH,PA,15213,ALI,Adult Liver Only,3/8/1990,11/20/2007,8/4/2022,PAPT,Y
399801,UPMC PRESBYTERIAN SHADYSIDE,200 LOTHROP STREET,PITTSBURGH,PA,15213,ALO,Adult Lung Only,2/2/1995,11/20/2007,8/4/2022,PAPT,Y
399801,UPMC PRESBYTERIAN SHADYSIDE,200 LOTHROP STREET,PITTSBURGH,PA,15213,APA,Adult Pancreas,9/1/1977,11/20/2007,8/4/2022,PAPT,Y
399803,UPMC CHILDREN'S HOSPITAL OF PGH - TRANSPLANT CTR,4401 PENN AVENUE,PITTSBURGH,PA,15224,PHL,Pediatric Heart Lung,10/19/2005,9/15/2008,6/30/2025,PACH,Y
399803,UPMC CHILDREN'S HOSPITAL OF PGH - TRANSPLANT CTR,4401 PENN AVENUE,PITTSBURGH,PA,15224,PHO,Pediatric Heart Only,10/19/2005,9/15/2008,6/30/2025,PACH,Y
399803,UPMC CHILDREN'S HOSPITAL OF PGH - TRANSPLANT CTR,4401 PENN AVENUE,PITTSBURGH,PA,15224,PIM,Pediatric Intestine/Multivisceral,1/5/2006,9/15/2008,6/30/2025,PACH,Y
399803,UPMC CHILDREN'S HOSPITAL OF PGH - TRANSPLANT CTR,4401 PENN AVENUE,PITTSBURGH,PA,15224,PKO,Pediatric Kidney Only,3/29/2006,9/15/2008,6/30/2025,PACH,Y
399803,UPMC CHILDREN'S HOSPITAL OF PGH - TRANSPLANT CTR,4401 PENN AVENUE,PITTSBURGH,PA,15224,PLI,Pediatric Liver,10/19/2005,9/15/2008,6/30/2025,PACH,Y
399803,UPMC CHILDREN'S HOSPITAL OF PGH - TRANSPLANT CTR,4401 PENN AVENUE,PITTSBURGH,PA,15224,PLO,Pediatric Lung Only,10/19/2005,9/15/2008,6/30/2025,PACH,Y
399803,UPMC CHILDREN'S HOSPITAL OF PGH - TRANSPLANT CTR,4401 PENN AVENUE,PITTSBURGH,PA,15224,PPA,Pediatric Pancreas,9/15/2008,9/15/2008,6/30/2025,PACH,N
399804,ALLEGHENY GENERAL HOSPITAL  TRANSPLANT CARE,320 EAST NORTH AVENUE,PITTSBURGH,PA,15212,AHO,Adult Heart Only,6/29/1992,9/30/2008,12/10/2025,PAAG,Y
399804,ALLEGHENY GENERAL HOSPITAL  TRANSPLANT CARE,320 EAST NORTH AVENUE,PITTSBURGH,PA,15212,AKO,Adult Kidney Only,12/5/1986,9/30/2008,12/10/2025,PAAG,Y
399804,ALLEGHENY GENERAL HOSPITAL  TRANSPLANT CARE,320 EAST NORTH AVENUE,PITTSBURGH,PA,15212,ALI,Adult Liver Only,11/19/2009,11/19/2009,12/10/2025,PAAG,N
399804,ALLEGHENY GENERAL HOSPITAL  TRANSPLANT CARE,320 EAST NORTH AVENUE,PITTSBURGH,PA,15212,APA,Adult Pancreas,12/5/1986,9/30/2008,12/10/2025,PAAG,Y
399806,TEMPLE UNIVERSITY HOSPITAL - TRANSPLANT CENTER,3401 NORTH BROAD STREET,PHILADELPHIA,PA,19140,AHL,Adult Heart Lung,1/29/2013,1/29/2013,8/29/2019,PATU,N
399806,TEMPLE UNIVERSITY HOSPITAL - TRANSPLANT CENTER,3401 NORTH BROAD STREET,PHILADELPHIA,PA,19140,AHO,Adult Heart Only,1/29/2013,1/29/2013,5/14/2024,PATU,N
399806,TEMPLE UNIVERSITY HOSPITAL - TRANSPLANT CENTER,3401 NORTH BROAD STREET,PHILADELPHIA,PA,19140,AKO,Adult Kidney Only,8/12/1988,12/3/2008,5/13/2026,PATU,Y
399806,TEMPLE UNIVERSITY HOSPITAL - TRANSPLANT CENTER,3401 NORTH BROAD STREET,PHILADELPHIA,PA,19140,ALI,Adult Liver Only,8/31/2010,8/31/2010,5/14/2024,PATU,N
399806,TEMPLE UNIVERSITY HOSPITAL - TRANSPLANT CENTER,3401 NORTH BROAD STREET,PHILADELPHIA,PA,19140,ALO,Adult Lung Only,8/31/2012,8/31/2012,5/14/2024,PATU,N
399806,TEMPLE UNIVERSITY HOSPITAL - TRANSPLANT CENTER,3401 NORTH BROAD STREET,PHILADELPHIA,PA,19140,ALO,Adult Lung Only,1/29/2013,1/29/2013,5/14/2024,PATU,N
399806,TEMPLE UNIVERSITY HOSPITAL - TRANSPLANT CENTER,3401 NORTH BROAD STREET,PHILADELPHIA,PA,19140,APA,Adult Pancreas,10/17/2014,10/17/2014,5/14/2024,PATU,N
399807,MILTON S HERSHEY MEDICAL CENTER TRANSPLANT CENTER,500 UNIVERSITY DRIVE,HERSHEY,PA,17033,AHO,Adult Heart Only,1/8/2009,1/8/2009,12/5/2025,PAHE,N
399807,MILTON S HERSHEY MEDICAL CENTER TRANSPLANT CENTER,500 UNIVERSITY DRIVE,HERSHEY,PA,17033,AKO,Adult Kidney Only,7/7/2011,7/7/2011,4/15/2021,PAHE,N
399807,MILTON S HERSHEY MEDICAL CENTER TRANSPLANT CENTER,500 UNIVERSITY DRIVE,HERSHEY,PA,17033,ALI,Adult Liver Only,1/8/2009,1/8/2009,4/15/2021,PAHE,N
399807,MILTON S HERSHEY MEDICAL CENTER TRANSPLANT CENTER,500 UNIVERSITY DRIVE,HERSHEY,PA,17033,APA,Adult Pancreas,7/7/2011,7/7/2011,3/24/2016,PAHE,N
399808,HOSPITAL OF THE UNIVERSITY OF PENNSYLVANIA,3400 SPRUCE STREET,PHILADELPHIA,PA,19104,AHL,Adult Heart Lung,3/18/1997,5/21/2009,1/13/2022,PAUP,Y
399808,HOSPITAL OF THE UNIVERSITY OF PENNSYLVANIA,3400 SPRUCE STREET,PHILADELPHIA,PA,19104,AHO,Adult Heart Only,1/4/1991,5/21/2009,1/13/2022,PAUP,Y
399808,HOSPITAL OF THE UNIVERSITY OF PENNSYLVANIA,3400 SPRUCE STREET,PHILADELPHIA,PA,19104,AKO,Adult Kidney Only,9/1/1977,5/21/2009,1/13/2022,PAUP,Y
399808,HOSPITAL OF THE UNIVERSITY OF PENNSYLVANIA,3400 SPRUCE STREET,PHILADELPHIA,PA,19104,ALI,Adult Liver Only,9/5/1996,5/21/2009,1/13/2022,PAUP,Y
399808,HOSPITAL OF THE UNIVERSITY OF PENNSYLVANIA,3400 SPRUCE STREET,PHILADELPHIA,PA,19104,ALO,Adult Lung Only,3/18/1997,5/21/2009,1/13/2022,PAUP,Y
399808,HOSPITAL OF THE UNIVERSITY OF PENNSYLVANIA,3400 SPRUCE STREET,PHILADELPHIA,PA,19104,APA,Adult Pancreas,9/1/1977,5/21/2009,1/13/2022,PAUP,Y
399809,UPMC PINNACLE HOSPITALS TRANSPLANT CENTER,409 SOUTH SECOND STREET,HARRISBURG,PA,17105,AKO,Adult Kidney Only,2/22/2000,11/12/2009,3/29/2022,PAHH,Y
399809,UPMC PINNACLE HOSPITALS TRANSPLANT CENTER,409 SOUTH SECOND STREET,HARRISBURG,PA,17105,APA,Adult Pancreas,2/22/2000,11/12/2009,3/29/2022,PAHH,Y
399810,THOMAS JEFFERSON UNIVERSITY HOSPITAL TRANSPLANT,111 SOUTH 11TH STREET,PHILADELPHIA,PA,19107,AHO,Adult Heart Only,6/22/2007,9/17/2009,1/12/2022,PATJ,Y
399810,THOMAS JEFFERSON UNIVERSITY HOSPITAL TRANSPLANT,111 SOUTH 11TH STREET,PHILADELPHIA,PA,19107,AKO,Adult Kidney Only,9/1/1977,12/29/2009,1/12/2022,PATJ,Y
399810,THOMAS JEFFERSON UNIVERSITY HOSPITAL TRANSPLANT,111 SOUTH 11TH STREET,PHILADELPHIA,PA,19107,ALI,Adult Liver Only,3/8/1990,12/29/2009,1/12/2022,PATJ,Y
399810,THOMAS JEFFERSON UNIVERSITY HOSPITAL TRANSPLANT,111 SOUTH 11TH STREET,PHILADELPHIA,PA,19107,APA,Adult Pancreas,9/1/1977,12/29/2009,1/12/2022,PATJ,Y
399812,CHILDREN'S HOSPITAL OF PHILADELPHIA TRANSPLANT,34TH STREET AND CIVIC CENTER BLVD,PHILADELPHIA,PA,19104,PHL,Pediatric Heart Lung,7/17/2012,7/17/2012,2/19/2016,PACP,N
399812,CHILDREN'S HOSPITAL OF PHILADELPHIA TRANSPLANT,34TH STREET AND CIVIC CENTER BLVD,PHILADELPHIA,PA,19104,PHO,Pediatric Heart Only,7/17/2012,7/17/2012,12/17/2025,PACP,N
399812,CHILDREN'S HOSPITAL OF PHILADELPHIA TRANSPLANT,34TH STREET AND CIVIC CENTER BLVD,PHILADELPHIA,PA,19104,PKO,Pediatric Kidney Only,1/1/1977,7/9/2010,12/17/2025,PACP,Y
399812,CHILDREN'S HOSPITAL OF PHILADELPHIA TRANSPLANT,34TH STREET AND CIVIC CENTER BLVD,PHILADELPHIA,PA,19104,PLI,Pediatric Liver,7/17/2012,7/17/2012,12/17/2025,PACP,N
399812,CHILDREN'S HOSPITAL OF PHILADELPHIA TRANSPLANT,34TH STREET AND CIVIC CENTER BLVD,PHILADELPHIA,PA,19104,PLO,Pediatric Lung Only,7/17/2012,7/17/2012,12/17/2025,PACP,N
399813,ALBERT EINSTEIN MEDICAL CENTER TRANSPLANT CENTER,5501 OLD YORK ROAD,PHILADELPHIA,PA,19141,AKO,Adult Kidney Only,9/1/1977,7/15/2010,2/2/2023,PAAE,Y
399813,ALBERT EINSTEIN MEDICAL CENTER TRANSPLANT CENTER,5501 OLD YORK ROAD,PHILADELPHIA,PA,19141,ALI,Adult Liver Only,11/17/1997,7/15/2010,2/2/2023,PAAE,Y
399813,ALBERT EINSTEIN MEDICAL CENTER TRANSPLANT CENTER,5501 OLD YORK ROAD,PHILADELPHIA,PA,19141,APA,Adult Pancreas,9/1/1977,7/15/2010,2/2/2023,PAAE,Y
399815,LEHIGH VALLEY HOSPITAL - TRANSPLANT CENTER,"1200 SOUTH CEDAR CREST BOULEVARD, PO BOX 689",ALLENTOWN,PA,18105,AKO,Adult Kidney Only,7/1/1992,8/24/2010,11/16/2023,PALV,Y
399815,LEHIGH VALLEY HOSPITAL - TRANSPLANT CENTER,"1200 SOUTH CEDAR CREST BOULEVARD, PO BOX 689",ALLENTOWN,PA,18105,APA,Adult Pancreas,7/1/1992,8/24/2010,11/16/2023,PALV,Y
399817,UPMC HAMOT - TRANSPLANT CENTER,201 STATE STREET,ERIE,PA,16550,AKO,Adult Kidney Only,11/17/2016,11/17/2016,2/27/2026,PAPH,N
399818,ST CHRISTOPHER'S HOSPITAL FOR CHILDREN- TRANSPLANT,120 EAST ERIE AVENUE,PHILADELPHIA,PA,19134,PKO,Pediatric Kidney Only,3/8/2017,3/8/2017,1/21/2022,PASC,N
409800,AUXILIO MUTUO HOSP TRANSPLANT,"PONCE DE LEON AVE, STOP 375",HATO REY,PR,00917,AKO,Adult Kidney Only,4/4/1983,8/27/2009,9/8/2021,PRSJ,Y
409800,AUXILIO MUTUO HOSP TRANSPLANT,"PONCE DE LEON AVE, STOP 375",HATO REY,PR,00917,ALI,Adult Liver Only,6/3/2013,6/3/2013,9/8/2021,PRSJ,N
409800,AUXILIO MUTUO HOSP TRANSPLANT,"PONCE DE LEON AVE, STOP 375",HATO REY,PR,00917,APA,Adult Pancreas,4/4/1983,8/27/2009,9/8/2021,PRSJ,Y
419801,RHODE ISLAND HOSPITAL - TRANSPLANT CENTER,593 EDDY STREET,PROVIDENCE,RI,02905,AKO,Adult Kidney Only,8/31/1977,7/11/2008,12/6/2019,RIRH,Y
429800,MUSC MEDICAL CENTER,169 ASHLEY AVENUE,CHARLESTON,SC,29425,AHO,Adult Heart Only,9/29/2008,9/29/2008,1/14/2022,SCMU,N
429800,MUSC MEDICAL CENTER,169 ASHLEY AVENUE,CHARLESTON,SC,29425,AHO,Adult Heart Only,3/7/2018,3/7/2018,1/14/2022,SCMU,N
429800,MUSC MEDICAL CENTER,169 ASHLEY AVENUE,CHARLESTON,SC,29425,AKO,Adult Kidney Only,9/29/2008,9/29/2008,1/14/2022,SCMU,N
429800,MUSC MEDICAL CENTER,169 ASHLEY AVENUE,CHARLESTON,SC,29425,ALI,Adult Liver Only,9/29/2008,9/29/2008,1/14/2022,SCMU,N
429800,MUSC MEDICAL CENTER,169 ASHLEY AVENUE,CHARLESTON,SC,29425,ALO,Adult Lung Only,2/7/2013,2/7/2013,1/14/2022,SCMU,N
429800,MUSC MEDICAL CENTER,169 ASHLEY AVENUE,CHARLESTON,SC,29425,APA,Adult Pancreas,9/29/2008,9/29/2008,1/14/2022,SCMU,N
429800,MUSC MEDICAL CENTER,169 ASHLEY AVENUE,CHARLESTON,SC,29425,PHO,Pediatric Heart Only,1/14/2022,1/14/2022,1/14/2022,SCMU,N
429800,MUSC MEDICAL CENTER,169 ASHLEY AVENUE,CHARLESTON,SC,29425,PKO,Pediatric Kidney Only,1/14/2022,1/14/2022,1/14/2022,SCMU,N
429800,MUSC MEDICAL CENTER,169 ASHLEY AVENUE,CHARLESTON,SC,29425,PLI,Pediatric Liver,1/14/2022,1/14/2022,1/14/2022,SCMU,N
429801,PH TRANSPLANT CENTER,890 W FARIS RD SUITE 510,GREENVILLE,SC,29605,AKO,Adult Kidney Only,10/12/2022,10/12/2022,10/12/2022,SCPG,N
429801,PH TRANSPLANT CENTER,890 W FARIS RD SUITE 510,GREENVILLE,SC,29605,APA,Adult Pancreas,11/2/2023,11/2/2023,10/12/2022,SCPG,N
429803,MUSC HEALTH LANCASTER MEDICAL CENTER,800 W MEETING STREET,LANCASTER,SC,29720,AKO,Adult Kidney Only,11/23/2022,11/23/2022,11/23/2022,SCPG,N
439801,SANFORD USD MEDICAL CENTER,"1205 SOUTH GRANGE AVENUE, SUITE 201",SIOUX FALLS,SD,57105,AKO,Adult Kidney Only,4/25/2007,5/5/2009,5/20/2015,SDSV,Y
439802,AVERA MCKENNAN TRANSPLANT INSTITUTE,"911 E 20TH STREET, STE 511",SIOUX FALLS,SD,57117,AKO,Adult Kidney Only,9/23/2009,9/23/2009,8/30/2023,SDMK,N
439802,AVERA MCKENNAN TRANSPLANT INSTITUTE,"911 E 20TH STREET, STE 511",SIOUX FALLS,SD,57117,ALI,Adult Liver Only,9/5/2019,9/5/2019,8/30/2023,SDMK,N
439802,AVERA MCKENNAN TRANSPLANT INSTITUTE,"911 E 20TH STREET, STE 511",SIOUX FALLS,SD,57117,APA,Adult Pancreas,2/17/1993,9/23/2009,8/30/2023,SDMK,Y
439802,AVERA MCKENNAN TRANSPLANT INSTITUTE,"911 E 20TH STREET, STE 511",SIOUX FALLS,SD,57117,APA,Adult Pancreas,9/23/2009,9/23/2009,8/30/2023,SDMK,N
449800,UNIVERSITY OF TN TRANSPLANT CENTER AT KNOXVILLE,1924 ALCOA HIGHWAY,KNOXVILLE,TN,37920,AKO,Adult Kidney Only,7/28/2008,1/15/2009,1/12/2022,TNUK,Y
449802,VANDERBILT UNIVERSITY TRANSPLANT CENTER,1161 21ST AVE SOUTH,NASHVILLE,TN,37232,AHL,Adult Heart Lung,8/8/2008,8/8/2008,8/11/2011,TNVU,Y
449802,VANDERBILT UNIVERSITY TRANSPLANT CENTER,1161 21ST AVE SOUTH,NASHVILLE,TN,37232,AHO,Adult Heart Only,8/8/2008,8/8/2008,10/6/2021,TNVU,Y
449802,VANDERBILT UNIVERSITY TRANSPLANT CENTER,1161 21ST AVE SOUTH,NASHVILLE,TN,37232,AKO,Adult Kidney Only,8/8/2008,8/8/2008,10/6/2021,TNVU,Y
449802,VANDERBILT UNIVERSITY TRANSPLANT CENTER,1161 21ST AVE SOUTH,NASHVILLE,TN,37232,ALI,Adult Liver Only,8/8/2008,8/8/2008,10/6/2021,TNVU,Y
449802,VANDERBILT UNIVERSITY TRANSPLANT CENTER,1161 21ST AVE SOUTH,NASHVILLE,TN,37232,ALO,Adult Lung Only,8/8/2008,8/8/2008,10/6/2021,TNVU,Y
449802,VANDERBILT UNIVERSITY TRANSPLANT CENTER,1161 21ST AVE SOUTH,NASHVILLE,TN,37232,APA,Adult Pancreas,10/30/1976,8/8/2008,10/6/2021,TNVU,Y
449802,VANDERBILT UNIVERSITY TRANSPLANT CENTER,1161 21ST AVE SOUTH,NASHVILLE,TN,37232,PHO,Pediatric Heart Only,8/8/2008,8/8/2008,10/6/2021,TNVU,Y
449802,VANDERBILT UNIVERSITY TRANSPLANT CENTER,1161 21ST AVE SOUTH,NASHVILLE,TN,37232,PKO,Pediatric Kidney Only,10/30/1976,8/8/2008,10/6/2021,TNVU,Y
449802,VANDERBILT UNIVERSITY TRANSPLANT CENTER,1161 21ST AVE SOUTH,NASHVILLE,TN,37232,PLI,Pediatric Liver,8/8/2008,8/8/2008,10/6/2021,TNVU,Y
449803,BAPTIST MEMORIAL HOSPITAL TRANSPLANT CENTER,6019 WALNUT GROVE,MEMPHIS,TN,38120,AHO,Adult Heart Only,7/24/2008,7/24/2008,7/9/2025,TNBM,Y
449804,CENTENNIAL MEDICAL TRANSPLANT CENTER,2300 PATTERSON STREET,NASHVILLE,TN,37203,AKO,Adult Kidney Only,7/20/2009,7/20/2009,5/28/2015,VTMC,N
449805,LEBONHEUR CHILDREN'S MEDICAL TRANSPLANT CENTER,50 NORTH DUNLAP,MEMPHIS,TN,38103,PHO,Pediatric Heart Only,5/4/2017,5/4/2017,6/15/2022,TNLB,N
449805,LEBONHEUR CHILDREN'S MEDICAL TRANSPLANT CENTER,50 NORTH DUNLAP,MEMPHIS,TN,38103,PKO,Pediatric Kidney Only,8/19/2009,8/19/2009,6/15/2022,TNLB,N
449805,LEBONHEUR CHILDREN'S MEDICAL TRANSPLANT CENTER,50 NORTH DUNLAP,MEMPHIS,TN,38103,PLI,Pediatric Liver,8/19/2009,8/19/2009,6/15/2022,TNLB,N
449806,METHODIST HC TRANSPLANT,1265 UNION AVENUE,MEMPHIS,TN,38104,AKO,Adult Kidney Only,8/19/2009,8/19/2009,4/5/2023,TNMH,N
449806,METHODIST HC TRANSPLANT,1265 UNION AVENUE,MEMPHIS,TN,38104,ALI,Adult Liver Only,8/19/2009,8/19/2009,4/5/2023,TNMH,N
449806,METHODIST HC TRANSPLANT,1265 UNION AVENUE,MEMPHIS,TN,38104,APA,Adult Pancreas,8/19/2009,8/19/2009,4/5/2023,TNMH,N
449807,ERLANGER REGIONAL KIDNEY TRANSPLANT,975 EAST THIRD STREET,CHATTANOOGA,TN,37403,AHO,Adult Heart Only,12/31/2009,12/31/2009,12/2/2009,TNEM,N
449807,ERLANGER REGIONAL KIDNEY TRANSPLANT,975 EAST THIRD STREET,CHATTANOOGA,TN,37403,AKO,Adult Kidney Only,9/12/1989,12/31/2009,1/26/2022,TNEM,Y
449808,ST THOMAS HOSPITAL TRANSPLANT,4220 HARDING ROAD,NASHVILLE,TN,37205,AHO,Adult Heart Only,12/31/2009,12/31/2009,1/20/2022,TNST,N
449808,ST THOMAS HOSPITAL TRANSPLANT,4220 HARDING ROAD,NASHVILLE,TN,37205,AKO,Adult Kidney Only,7/28/1989,12/31/2009,1/20/2022,TNST,Y
459801,MEDICAL CITY HOSPITAL,7777 FOREST LANE C 750,DALLAS,TX,75230,AHO,Adult Heart Only,3/21/1995,10/11/2010,3/20/2024,TXHD,Y
459801,MEDICAL CITY HOSPITAL,7777 FOREST LANE C 750,DALLAS,TX,75230,AKO,Adult Kidney Only,7/8/1999,10/11/2010,3/20/2024,TXHD,Y
459801,MEDICAL CITY HOSPITAL,7777 FOREST LANE C 750,DALLAS,TX,75230,ALI,Adult Liver Only,3/20/2024,3/20/2024,3/20/2024,TXHD,N
459801,MEDICAL CITY HOSPITAL,7777 FOREST LANE C 750,DALLAS,TX,75230,APA,Adult Pancreas,7/8/1999,10/11/2010,3/20/2024,TXHD,Y
459801,MEDICAL CITY HOSPITAL,7777 FOREST LANE C 750,DALLAS,TX,75230,PHO,Pediatric Heart Only,10/22/2007,10/11/2010,2/27/2013,TXHD,Y
459801,MEDICAL CITY HOSPITAL,7777 FOREST LANE C 750,DALLAS,TX,75230,PKO,Pediatric Kidney Only,7/8/1999,10/11/2010,2/27/2013,TXHD,Y
459802,METHODIST DALLAS MEDICAL CENTER,1441 N BECKLEY AVENUE,DALLAS,TX,75203,AKO,Adult Kidney Only,1/14/2008,1/14/2008,11/16/2021,TXMC,Y
459802,METHODIST DALLAS MEDICAL CENTER,1441 N BECKLEY AVENUE,DALLAS,TX,75203,ALI,Adult Liver Only,9/30/1984,1/14/2008,11/16/2021,TXMC,Y
459802,METHODIST DALLAS MEDICAL CENTER,1441 N BECKLEY AVENUE,DALLAS,TX,75203,APA,Adult Pancreas,1/14/2008,1/14/2008,11/16/2021,TXMC,Y
459803,UNIVERSITY HOSPITAL TRANSPLANT,4502 MEDICAL DRIVE,SAN ANTONIO,TX,78229,AKO,Adult Kidney Only,8/31/1977,8/25/2008,9/6/2022,TXBC,Y
459803,UNIVERSITY HOSPITAL TRANSPLANT,4502 MEDICAL DRIVE,SAN ANTONIO,TX,78229,ALI,Adult Liver Only,8/30/1977,8/25/2008,9/6/2022,TXBC,Y
459803,UNIVERSITY HOSPITAL TRANSPLANT,4502 MEDICAL DRIVE,SAN ANTONIO,TX,78229,ALI,Adult Liver Only,8/31/1977,8/25/2008,9/6/2022,TXBC,Y
459803,UNIVERSITY HOSPITAL TRANSPLANT,4502 MEDICAL DRIVE,SAN ANTONIO,TX,78229,ALO,Adult Lung Only,8/31/1977,8/25/2008,9/6/2022,TXBC,Y
459803,UNIVERSITY HOSPITAL TRANSPLANT,4502 MEDICAL DRIVE,SAN ANTONIO,TX,78229,APA,Adult Pancreas,8/31/1977,8/25/2008,9/6/2022,TXBC,Y
459803,UNIVERSITY HOSPITAL TRANSPLANT,4502 MEDICAL DRIVE,SAN ANTONIO,TX,78229,PKO,Pediatric Kidney Only,9/6/2022,9/6/2022,9/6/2022,TXBC,N
459803,UNIVERSITY HOSPITAL TRANSPLANT,4502 MEDICAL DRIVE,SAN ANTONIO,TX,78229,PLI,Pediatric Liver,9/6/2022,9/6/2022,9/6/2022,TXBC,N
459805,CHI ST LUKE'S HEALTH BAYLOR COLLEGE OF MEDICINE CT,6720 BERTNER,HOUSTON,TX,77030,AHL,Adult Heart Lung,4/11/2012,4/11/2012,12/14/2023,TXHI,N
459805,CHI ST LUKE'S HEALTH BAYLOR COLLEGE OF MEDICINE CT,6720 BERTNER,HOUSTON,TX,77030,AHO,Adult Heart Only,10/17/1986,6/30/2008,12/14/2023,TXHI,Y
459805,CHI ST LUKE'S HEALTH BAYLOR COLLEGE OF MEDICINE CT,6720 BERTNER,HOUSTON,TX,77030,AHO,Adult Heart Only,8/25/2020,8/25/2020,12/14/2023,TXHI,N
459805,CHI ST LUKE'S HEALTH BAYLOR COLLEGE OF MEDICINE CT,6720 BERTNER,HOUSTON,TX,77030,AKO,Adult Kidney Only,9/26/1986,12/10/2008,12/14/2023,TXHI,Y
459805,CHI ST LUKE'S HEALTH BAYLOR COLLEGE OF MEDICINE CT,6720 BERTNER,HOUSTON,TX,77030,ALI,Adult Liver Only,3/20/2001,6/30/2008,12/14/2023,TXHI,Y
459805,CHI ST LUKE'S HEALTH BAYLOR COLLEGE OF MEDICINE CT,6720 BERTNER,HOUSTON,TX,77030,ALO,Adult Lung Only,4/15/2010,4/15/2010,12/14/2023,TXHI,N
459805,CHI ST LUKE'S HEALTH BAYLOR COLLEGE OF MEDICINE CT,6720 BERTNER,HOUSTON,TX,77030,APA,Adult Pancreas,4/11/2012,4/11/2012,3/17/2016,TXHI,N
459807,NORTH AUSTIN MEDICAL CENTER,12221 NORTH MOPAC EXPRESSWAY,AUSTIN,TX,78758,AKO,Adult Kidney Only,3/12/2009,3/12/2009,7/27/2021,TXDM,N
459808,BAYLOR UNIVERSITY MEDICAL CENTER,3500 GASTON AVE,DALLAS,TX,75246,AHL,Adult Heart Lung,1/23/1998,3/3/2009,9/29/2016,TXTX,Y
459808,BAYLOR UNIVERSITY MEDICAL CENTER,3500 GASTON AVE,DALLAS,TX,75246,AHO,Adult Heart Only,6/29/1990,3/3/2009,4/12/2022,TXTX,Y
459808,BAYLOR UNIVERSITY MEDICAL CENTER,3500 GASTON AVE,DALLAS,TX,75246,AKO,Adult Kidney Only,6/27/1985,3/3/2009,4/12/2022,TXTX,Y
459808,BAYLOR UNIVERSITY MEDICAL CENTER,3500 GASTON AVE,DALLAS,TX,75246,ALI,Adult Liver Only,7/11/1991,3/3/2009,4/12/2022,TXTX,Y
459808,BAYLOR UNIVERSITY MEDICAL CENTER,3500 GASTON AVE,DALLAS,TX,75246,ALO,Adult Lung Only,1/23/1998,3/3/2009,4/12/2022,TXTX,Y
459808,BAYLOR UNIVERSITY MEDICAL CENTER,3500 GASTON AVE,DALLAS,TX,75246,APA,Adult Pancreas,6/27/1985,3/3/2009,4/12/2022,TXTX,Y
459809,THE METHODIST HOSPITAL TRANSPLANT,6565 FANNIN,HOUSTON,TX,77030,AHL,Adult Heart Lung,9/4/2008,9/4/2008,4/7/2011,TXMH,N
459809,THE METHODIST HOSPITAL TRANSPLANT,6565 FANNIN,HOUSTON,TX,77030,AHO,Adult Heart Only,2/9/2009,2/9/2009,4/27/2022,TXMH,N
459809,THE METHODIST HOSPITAL TRANSPLANT,6565 FANNIN,HOUSTON,TX,77030,AKO,Adult Kidney Only,9/4/2008,9/4/2008,4/27/2022,TXMH,N
459809,THE METHODIST HOSPITAL TRANSPLANT,6565 FANNIN,HOUSTON,TX,77030,ALI,Adult Liver Only,9/4/2008,9/4/2008,4/27/2022,TXMH,N
459809,THE METHODIST HOSPITAL TRANSPLANT,6565 FANNIN,HOUSTON,TX,77030,ALO,Adult Lung Only,9/4/2008,9/4/2008,4/27/2022,TXMH,N
459809,THE METHODIST HOSPITAL TRANSPLANT,6565 FANNIN,HOUSTON,TX,77030,APA,Adult Pancreas,9/4/2008,9/4/2008,4/27/2022,TXMH,N
459810,SETON MEDICAL CENTER,1201 WEST 38TH STREET,AUSTIN,TX,78705,AHO,Adult Heart Only,5/3/1996,4/22/2009,4/26/2022,TXCT,Y
459811,HARRIS METHODIST FT WORTH TRANSPLANT,1301 PENNSYLVANIA AVE,FORT WORTH,TX,76104,AKO,Adult Kidney Only,11/11/2015,11/11/2015,2/7/2022,TXFW,N
459812,COOK CHILDRENS MEDICAL CENTER TRANSPLANT SERVICES,801 SEVENTH AVE,FORT WORTH,TX,76104,PKO,Pediatric Kidney Only,2/15/1991,12/1/2008,12/6/2021,TXCF,Y
459813,UTMB GALVESTON TRANSPLANT,301 UNIVERSITY BLVD,GALVESTON,TX,77555,AHO,Adult Heart Only,7/1/1966,11/26/2008,5/26/2022,TXJS,Y
459813,UTMB GALVESTON TRANSPLANT,301 UNIVERSITY BLVD,GALVESTON,TX,77555,AKO,Adult Kidney Only,11/26/2008,11/26/2008,5/26/2022,TXJS,N
459813,UTMB GALVESTON TRANSPLANT,301 UNIVERSITY BLVD,GALVESTON,TX,77555,ALI,Adult Liver Only,3/9/2010,3/9/2010,5/26/2022,TXJS,N
459813,UTMB GALVESTON TRANSPLANT,301 UNIVERSITY BLVD,GALVESTON,TX,77555,APA,Adult Pancreas,11/26/2008,11/26/2008,5/26/2022,TXJS,N
459813,UTMB GALVESTON TRANSPLANT,301 UNIVERSITY BLVD,GALVESTON,TX,77555,PKO,Pediatric Kidney Only,11/26/2008,11/26/2008,5/26/2022,TXJS,N
459814,CHILDREN'S MEDICAL CENTER DALLAS,1935 MOTOR ST,DALLAS,TX,75235,PHO,Pediatric Heart Only,10/26/2005,9/14/2009,7/25/2022,TXCM,Y
459814,CHILDREN'S MEDICAL CENTER DALLAS,1935 MOTOR ST,DALLAS,TX,75235,PIM,Pediatric Intestine/Multivisceral,9/14/2009,9/14/2009,3/8/2012,TXCM,N
459814,CHILDREN'S MEDICAL CENTER DALLAS,1935 MOTOR ST,DALLAS,TX,75235,PKO,Pediatric Kidney Only,6/27/1983,9/14/2009,7/25/2022,TXCM,Y
459814,CHILDREN'S MEDICAL CENTER DALLAS,1935 MOTOR ST,DALLAS,TX,75235,PLI,Pediatric Liver,10/26/2005,9/14/2009,7/25/2022,TXCM,Y
459814,CHILDREN'S MEDICAL CENTER DALLAS,1935 MOTOR ST,DALLAS,TX,75235,PPA,Pediatric Pancreas,6/27/1983,9/14/2009,3/8/2012,TXCM,Y
459815,TEXAS CHILDREN'S HOSPITAL TRANSPLANT,6621 FANNIN,HOUSTON,TX,77030,PHO,Pediatric Heart Only,12/14/2012,12/14/2012,12/7/2023,TXTC,N
459815,TEXAS CHILDREN'S HOSPITAL TRANSPLANT,6621 FANNIN,HOUSTON,TX,77030,PKO,Pediatric Kidney Only,2/2/1987,1/13/2010,12/7/2023,TXTC,Y
459815,TEXAS CHILDREN'S HOSPITAL TRANSPLANT,6621 FANNIN,HOUSTON,TX,77030,PLI,Pediatric Liver,12/14/2012,12/14/2012,12/7/2023,TXTC,N
459815,TEXAS CHILDREN'S HOSPITAL TRANSPLANT,6621 FANNIN,HOUSTON,TX,77030,PLO,Pediatric Lung Only,12/14/2012,12/14/2012,12/7/2023,TXTC,N
459816,UT SOUTHWESTERN MEDICAL CENTER UNIVERSITY HOSPITAL,5909 HARRY HINES BLVD,DALLAS,TX,75390,AHL,Adult Heart Lung,6/25/1999,2/10/2010,1/31/2013,TXSP,Y
459816,UT SOUTHWESTERN MEDICAL CENTER UNIVERSITY HOSPITAL,5909 HARRY HINES BLVD,DALLAS,TX,75390,AHO,Adult Heart Only,10/2/1992,3/5/2010,1/10/2023,TXSP,Y
459816,UT SOUTHWESTERN MEDICAL CENTER UNIVERSITY HOSPITAL,5909 HARRY HINES BLVD,DALLAS,TX,75390,AKO,Adult Kidney Only,9/26/2005,2/10/2010,1/10/2023,TXSP,Y
459816,UT SOUTHWESTERN MEDICAL CENTER UNIVERSITY HOSPITAL,5909 HARRY HINES BLVD,DALLAS,TX,75390,ALI,Adult Liver Only,2/10/2010,2/10/2010,1/10/2023,TXSP,N
459816,UT SOUTHWESTERN MEDICAL CENTER UNIVERSITY HOSPITAL,5909 HARRY HINES BLVD,DALLAS,TX,75390,ALO,Adult Lung Only,6/25/1999,2/10/2010,1/10/2023,TXSP,Y
459816,UT SOUTHWESTERN MEDICAL CENTER UNIVERSITY HOSPITAL,5909 HARRY HINES BLVD,DALLAS,TX,75390,APA,Adult Pancreas,4/15/2025,4/15/2025,1/10/2023,TXSP,N
459818,METHODIST HOSPITAL,7700 FLOYD CURL DRIVE,SAN ANTONIO,TX,78229,AHO,Adult Heart Only,9/28/1990,5/27/2010,10/11/2023,TXHS,Y
459818,METHODIST HOSPITAL,7700 FLOYD CURL DRIVE,SAN ANTONIO,TX,78229,AKO,Adult Kidney Only,7/1/2002,5/27/2010,10/11/2023,TXHS,Y
459818,METHODIST HOSPITAL,7700 FLOYD CURL DRIVE,SAN ANTONIO,TX,78229,ALI,Adult Liver Only,7/29/2005,5/27/2010,10/11/2023,TXHS,Y
459818,METHODIST HOSPITAL,7700 FLOYD CURL DRIVE,SAN ANTONIO,TX,78229,APA,Adult Pancreas,7/1/2002,5/27/2010,10/11/2023,TXHS,Y
459819,PARKLAND HOSPITAL,5201 HARRY HINES,DALLAS,TX,75235,AKO,Adult Kidney Only,7/30/2010,7/30/2010,12/20/2022,TXPM,N
459821,SCOTT & WHITE TRANSPLANT,2401 S 31ST ST,TEMPLE,TX,76508,AHO,Adult Heart Only,2/9/2012,2/9/2012,3/15/2022,TXSW,N
459821,SCOTT & WHITE TRANSPLANT,2401 S 31ST ST,TEMPLE,TX,76508,AKO,Adult Kidney Only,2/7/1997,7/28/2010,3/15/2022,TXSW,Y
459821,SCOTT & WHITE TRANSPLANT,2401 S 31ST ST,TEMPLE,TX,76508,APA,Adult Pancreas,2/7/1997,7/28/2010,3/15/2022,TXSW,Y
459822,BAYLOR ALL SAINTS MEDICAL CENTER OF FORT WORTH,1400 EIGHTH AVE,FORT WORTH,TX,76104,AKO,Adult Kidney Only,9/5/2002,8/2/2010,3/30/2022,TXAS,Y
459822,BAYLOR ALL SAINTS MEDICAL CENTER OF FORT WORTH,1400 EIGHTH AVE,FORT WORTH,TX,76104,ALI,Adult Liver Only,1/29/2004,8/2/2010,3/30/2022,TXAS,Y
459822,BAYLOR ALL SAINTS MEDICAL CENTER OF FORT WORTH,1400 EIGHTH AVE,FORT WORTH,TX,76104,APA,Adult Pancreas,9/5/2002,8/2/2010,3/30/2022,TXAS,Y
459823,DRISCOLL CHILDREN'S HOSPITAL TRANSPLANT CENTER,3533 S ALAMEDA,CORPUS CHRISTI,TX,78466,PKO,Pediatric Kidney Only,9/6/2006,5/13/2010,10/18/2023,TXDC,Y
459824,MEMORIAL HERMANN HOSPITAL,6411 FANNIN DRIVE,HOUSTON,TX,77030,AHO,Adult Heart Only,12/2/2013,12/2/2013,7/20/2022,TXHH,N
459824,MEMORIAL HERMANN HOSPITAL,6411 FANNIN DRIVE,HOUSTON,TX,77030,AKO,Adult Kidney Only,4/1/1977,11/1/2010,7/20/2022,TXHH,Y
459824,MEMORIAL HERMANN HOSPITAL,6411 FANNIN DRIVE,HOUSTON,TX,77030,ALI,Adult Liver Only,10/5/1994,6/13/2009,7/20/2022,TXHH,Y
459824,MEMORIAL HERMANN HOSPITAL,6411 FANNIN DRIVE,HOUSTON,TX,77030,ALO,Adult Lung Only,3/7/2018,3/7/2018,7/20/2022,TXHH,N
459824,MEMORIAL HERMANN HOSPITAL,6411 FANNIN DRIVE,HOUSTON,TX,77030,APA,Adult Pancreas,4/1/1977,11/1/2010,9/1/2016,TXHH,Y
459825,LAS PALMAS MEDICAL CENTER (TRANSPLANT),"1700 NORTH OREGON, SUITE 680",EL PASO,TX,79902,AKO,Adult Kidney Only,7/1/1966,5/5/2011,5/20/2025,TXLP,Y
459826,MEDICAL CITY  TRANSPLANT INSTITUTE -  FORT WORTH,900 EIGHTH AVENUE,FORT WORTH,TX,76104,AKO,Adult Kidney Only,5/23/2013,5/23/2013,5/14/2025,TXPL,N
459826,MEDICAL CITY  TRANSPLANT INSTITUTE -  FORT WORTH,900 EIGHTH AVENUE,FORT WORTH,TX,76104,APA,Adult Pancreas,2/1/2019,2/1/2019,5/14/2025,TXPL,N
459827,DOCTORS HOSPITAL AT RENAISSANCE,5513 DOCTORS DRIVE,EDINBURG,TX,78539,AKO,Adult Kidney Only,2/13/2018,2/13/2018,1/23/2024,TXDR,N
459828,DELL CHILDREN'S MEDICAL CENTER TRANSPLANT PROGRAM,4900 MUELLER BLVD,AUSTIN,TX,78723,PHO,Pediatric Heart Only,8/17/2021,8/17/2021,8/17/2021,TXDL,N
459828,DELL CHILDREN'S MEDICAL CENTER TRANSPLANT PROGRAM,4900 MUELLER BLVD,AUSTIN,TX,78723,PKO,Pediatric Kidney Only,8/17/2021,8/17/2021,8/17/2021,TXDL,N
459829,DELL SETON MEDICAL CENTER AT THE UNIVERSITY OF TEX,"1500 RED RIVER ST., STE. 11006",AUSTIN,TX,78701,AKO,Adult Kidney Only,10/25/2023,10/25/2023,10/6/2023,TXDS,N
459829,DELL SETON MEDICAL CENTER AT THE UNIVERSITY OF TEX,"1500 RED RIVER ST., STE. 11006",AUSTIN,TX,78701,APA,Adult Pancreas,10/25/2023,10/25/2023,10/6/2023,TXDS,N
469810,UNIVERSITY OF UTAH HOSPITAL - TC,50 NORTH MEDICAL DRIVE,SALT LAKE CITY,UT,84132,AHL,Adult Heart Lung,12/19/1997,2/20/2009,5/2/2008,UTMC,Y
469810,UNIVERSITY OF UTAH HOSPITAL - TC,50 NORTH MEDICAL DRIVE,SALT LAKE CITY,UT,84132,AHO,Adult Heart Only,10/17/1986,1/6/2009,12/10/2015,UTMC,Y
469810,UNIVERSITY OF UTAH HOSPITAL - TC,50 NORTH MEDICAL DRIVE,SALT LAKE CITY,UT,84132,AKO,Adult Kidney Only,8/25/1977,1/6/2009,12/10/2015,UTMC,Y
469810,UNIVERSITY OF UTAH HOSPITAL - TC,50 NORTH MEDICAL DRIVE,SALT LAKE CITY,UT,84132,ALI,Adult Liver Only,1/6/2009,1/6/2009,12/10/2015,UTMC,N
469810,UNIVERSITY OF UTAH HOSPITAL - TC,50 NORTH MEDICAL DRIVE,SALT LAKE CITY,UT,84132,ALO,Adult Lung Only,12/19/1997,2/20/2009,12/10/2015,UTMC,Y
469810,UNIVERSITY OF UTAH HOSPITAL - TC,50 NORTH MEDICAL DRIVE,SALT LAKE CITY,UT,84132,APA,Adult Pancreas,8/25/1977,1/6/2009,12/10/2015,UTMC,Y
469811,INTERMOUNTAIN MEDICAL CENTER,5121 SOUTH COTTONWOOD STREET,MURRAY,UT,84107,AHO,Adult Heart Only,4/14/1988,8/11/2009,1/30/2009,UTLD,Y
469811,INTERMOUNTAIN MEDICAL CENTER,5121 SOUTH COTTONWOOD STREET,MURRAY,UT,84107,AKO,Adult Kidney Only,11/4/1983,8/11/2009,1/30/2009,UTLD,Y
469811,INTERMOUNTAIN MEDICAL CENTER,5121 SOUTH COTTONWOOD STREET,MURRAY,UT,84107,ALI,Adult Liver Only,4/19/1993,8/11/2009,1/30/2009,UTLD,Y
469811,INTERMOUNTAIN MEDICAL CENTER,5121 SOUTH COTTONWOOD STREET,MURRAY,UT,84107,APA,Adult Pancreas,11/4/1983,8/11/2009,1/30/2009,UTLD,Y
469812,PRIMARY CHILDRENS MEDICAL CENTER,100 NORTH MEDICAL DRIVE,SALT LAKE CITY,UT,84113,PHO,Pediatric Heart Only,10/12/1993,1/6/2010,12/3/2009,UTPC,Y
469812,PRIMARY CHILDRENS MEDICAL CENTER,100 NORTH MEDICAL DRIVE,SALT LAKE CITY,UT,84113,PKO,Pediatric Kidney Only,5/5/2010,5/5/2010,5/5/2010,UTPC,N
469812,PRIMARY CHILDRENS MEDICAL CENTER,100 NORTH MEDICAL DRIVE,SALT LAKE CITY,UT,84113,PLI,Pediatric Liver,6/19/1996,1/6/2010,12/3/2009,UTPC,Y
479801,UNIVERSITY OF VERMONT MEDICAL  CENTER - TRANSPLANT,111 COLCHESTER AVENUE,BURLINGTON,VT,05401,AKO,Adult Kidney Only,8/31/1977,11/17/2009,9/22/2022,VTMC,Y
479801,UNIVERSITY OF VERMONT MEDICAL  CENTER - TRANSPLANT,111 COLCHESTER AVENUE,BURLINGTON,VT,05401,APA,Adult Pancreas,8/31/1977,11/17/2009,9/22/2022,VTMC,Y
499800,SENTARA NORFOLK GENERAL HOSPITAL,600 GRESHAM DR,NORFOLK,VA,23507,AHO,Adult Heart Only,10/13/1992,9/29/2008,8/27/2021,VANG,Y
499800,SENTARA NORFOLK GENERAL HOSPITAL,600 GRESHAM DR,NORFOLK,VA,23507,AKO,Adult Kidney Only,7/1/1988,1/18/2009,8/27/2021,VANG,Y
499800,SENTARA NORFOLK GENERAL HOSPITAL,600 GRESHAM DR,NORFOLK,VA,23507,APA,Adult Pancreas,7/1/1988,1/18/2009,8/27/2021,VANG,Y
499801,INOVA FAIRFAX HOSPITAL,3300 GALLOWS ROAD,FALLS CHURCH,VA,22042,AHL,Adult Heart Lung,11/19/2009,11/19/2009,6/21/2012,VAFH,N
499801,INOVA FAIRFAX HOSPITAL,3300 GALLOWS ROAD,FALLS CHURCH,VA,22042,AHO,Adult Heart Only,9/30/2009,9/30/2009,4/5/2022,VAFH,N
499801,INOVA FAIRFAX HOSPITAL,3300 GALLOWS ROAD,FALLS CHURCH,VA,22042,AKO,Adult Kidney Only,9/30/2009,9/30/2009,4/5/2022,VAFH,N
499801,INOVA FAIRFAX HOSPITAL,3300 GALLOWS ROAD,FALLS CHURCH,VA,22042,ALO,Adult Lung Only,9/30/2009,9/30/2009,4/5/2022,VAFH,N
499801,INOVA FAIRFAX HOSPITAL,3300 GALLOWS ROAD,FALLS CHURCH,VA,22042,APA,Adult Pancreas,9/30/2009,9/30/2009,4/5/2022,VAFH,N
499802,UNIVERSITY OF VIRGINIA HEALTH SYSTEM,"1215 LEE STREET, PO BOX 800265",CHARLOTTESVILLE,VA,22908,AHO,Adult Heart Only,3/3/1993,9/3/2009,10/29/2024,VAUV,Y
499802,UNIVERSITY OF VIRGINIA HEALTH SYSTEM,"1215 LEE STREET, PO BOX 800265",CHARLOTTESVILLE,VA,22908,AKO,Adult Kidney Only,9/1/1997,10/9/2009,10/29/2024,VAUV,Y
499802,UNIVERSITY OF VIRGINIA HEALTH SYSTEM,"1215 LEE STREET, PO BOX 800265",CHARLOTTESVILLE,VA,22908,ALI,Adult Liver Only,12/7/1992,9/3/2009,10/29/2024,VAUV,Y
499802,UNIVERSITY OF VIRGINIA HEALTH SYSTEM,"1215 LEE STREET, PO BOX 800265",CHARLOTTESVILLE,VA,22908,ALO,Adult Lung Only,11/3/1995,9/3/2009,10/29/2024,VAUV,Y
499802,UNIVERSITY OF VIRGINIA HEALTH SYSTEM,"1215 LEE STREET, PO BOX 800265",CHARLOTTESVILLE,VA,22908,APA,Adult Pancreas,9/1/1997,9/3/2009,10/29/2024,VAUV,Y
499802,UNIVERSITY OF VIRGINIA HEALTH SYSTEM,"1215 LEE STREET, PO BOX 800265",CHARLOTTESVILLE,VA,22908,PHO,Pediatric Heart Only,10/29/2024,10/29/2024,10/29/2024,VAUV,N
499803,CHILDREN'S HOSP KINGS DAUGHTERS - TRANSPLANT,601 CHILDREN'S LN,NORFOLK,VA,23507,PKO,Pediatric Kidney Only,3/1/2005,10/25/2017,2/22/2023,VACH,Y
499804,HENRICO DOCTORS HOSPITAL - TRANSPLANT,1602 SKIPWITH ROAD,RICHMOND,VA,23229,AKO,Adult Kidney Only,4/1/1990,11/3/2010,10/12/2022,VAHD,Y
499805,MEDICAL COLLEGE OF VIRGINIA,1250 EAST MARSHALL STREET,RICHMOND,VA,23298,AHO,Adult Heart Only,10/17/1986,1/10/2011,2/21/2025,VAMC,Y
499805,MEDICAL COLLEGE OF VIRGINIA,1250 EAST MARSHALL STREET,RICHMOND,VA,23298,AHO,Adult Heart Only,1/10/2011,1/10/2011,2/21/2025,VAMC,N
499805,MEDICAL COLLEGE OF VIRGINIA,1250 EAST MARSHALL STREET,RICHMOND,VA,23298,AKO,Adult Kidney Only,8/1/1977,1/10/2011,2/21/2025,VAMC,Y
499805,MEDICAL COLLEGE OF VIRGINIA,1250 EAST MARSHALL STREET,RICHMOND,VA,23298,AKO,Adult Kidney Only,1/10/2011,1/10/2011,2/21/2025,VAMC,N
499805,MEDICAL COLLEGE OF VIRGINIA,1250 EAST MARSHALL STREET,RICHMOND,VA,23298,ALI,Adult Liver Only,12/15/1994,1/10/2011,2/21/2025,VAMC,Y
499805,MEDICAL COLLEGE OF VIRGINIA,1250 EAST MARSHALL STREET,RICHMOND,VA,23298,ALI,Adult Liver Only,1/10/2011,1/10/2011,2/21/2025,VAMC,N
499805,MEDICAL COLLEGE OF VIRGINIA,1250 EAST MARSHALL STREET,RICHMOND,VA,23298,APA,Adult Pancreas,12/15/1994,1/10/2011,2/21/2025,VAMC,Y
499805,MEDICAL COLLEGE OF VIRGINIA,1250 EAST MARSHALL STREET,RICHMOND,VA,23298,APA,Adult Pancreas,1/10/2011,1/10/2011,2/21/2025,VAMC,N
509800,VIRGINIA MASON MEDICAL CENTER,"1100 9TH AVE, MAILSTOP C1-TX",SEATTLE,WA,98111,AKO,Adult Kidney Only,9/1/1977,8/22/2008,12/9/2021,WAVM,Y
509800,VIRGINIA MASON MEDICAL CENTER,"1100 9TH AVE, MAILSTOP C1-TX",SEATTLE,WA,98111,APA,Adult Pancreas,9/1/1977,8/22/2008,12/9/2021,WAVM,Y
509801,SWEDISH MEDICAL CENTER TRANSPLANT SERVICES,"1101 MADISON ST, SUITE 200",SEATTLE,WA,98104,AKO,Adult Kidney Only,9/1/1977,10/28/2008,3/9/2023,WASM,Y
509801,SWEDISH MEDICAL CENTER TRANSPLANT SERVICES,"1101 MADISON ST, SUITE 200",SEATTLE,WA,98104,ALI,Adult Liver Only,9/10/2013,9/10/2013,3/9/2023,WASM,N
509801,SWEDISH MEDICAL CENTER TRANSPLANT SERVICES,"1101 MADISON ST, SUITE 200",SEATTLE,WA,98104,APA,Adult Pancreas,9/1/1977,10/28/2008,3/9/2023,WASM,Y
509802,UNIVERSITY OF WASHINGTON MEDICAL CENTER,1959 NE PACIFIC STREET,SEATTLE,WA,98195,AHL,Adult Heart Lung,2/2/1995,9/14/2009,4/13/2016,WAUW,Y
509802,UNIVERSITY OF WASHINGTON MEDICAL CENTER,1959 NE PACIFIC STREET,SEATTLE,WA,98195,AHO,Adult Heart Only,1/6/1989,9/14/2009,2/16/2022,WAUW,Y
509802,UNIVERSITY OF WASHINGTON MEDICAL CENTER,1959 NE PACIFIC STREET,SEATTLE,WA,98195,AKO,Adult Kidney Only,9/1/1977,9/14/2009,2/16/2022,WAUW,Y
509802,UNIVERSITY OF WASHINGTON MEDICAL CENTER,1959 NE PACIFIC STREET,SEATTLE,WA,98195,ALI,Adult Liver Only,5/19/1992,8/21/2009,2/16/2022,WAUW,Y
509802,UNIVERSITY OF WASHINGTON MEDICAL CENTER,1959 NE PACIFIC STREET,SEATTLE,WA,98195,ALO,Adult Lung Only,2/2/1995,8/21/2009,2/16/2022,WAUW,Y
509802,UNIVERSITY OF WASHINGTON MEDICAL CENTER,1959 NE PACIFIC STREET,SEATTLE,WA,98195,APA,Adult Pancreas,9/1/1977,9/14/2009,2/16/2022,WAUW,Y
509803,SEATTLE CHILDRENS HOSPITAL - TRANSPLANT,4800 SAND POINT WAY NE (MAIL STOP MB9-420),SEATTLE,WA,98105,PHO,Pediatric Heart Only,9/3/2009,9/3/2009,7/30/2022,WACH,N
509803,SEATTLE CHILDRENS HOSPITAL - TRANSPLANT,4800 SAND POINT WAY NE (MAIL STOP MB9-420),SEATTLE,WA,98105,PKO,Pediatric Kidney Only,9/1/1977,9/3/2009,7/30/2022,WACH,Y
509803,SEATTLE CHILDRENS HOSPITAL - TRANSPLANT,4800 SAND POINT WAY NE (MAIL STOP MB9-420),SEATTLE,WA,98105,PLI,Pediatric Liver,9/3/2009,9/3/2009,7/30/2022,WACH,N
509804,PROVIDENCE SACRED HEART MEDICAL CENTER,101 W EIGHTH AVENUE,SPOKANE,WA,99204,AHO,Adult Heart Only,3/9/1993,9/21/2010,8/1/2024,WASH,Y
509804,PROVIDENCE SACRED HEART MEDICAL CENTER,101 W EIGHTH AVENUE,SPOKANE,WA,99204,AKO,Adult Kidney Only,10/16/1981,9/21/2010,8/1/2024,WASH,Y
509804,PROVIDENCE SACRED HEART MEDICAL CENTER,101 W EIGHTH AVENUE,SPOKANE,WA,99204,APA,Adult Pancreas,12/2/2015,12/2/2015,8/1/2024,WASH,N
519800,CHARLESTON AREA MEDICAL CENTER - TRANSPLANT,501 MORRIS ST,CHARLESTON,WV,25325,AKO,Adult Kidney Only,8/1/1987,7/29/2009,1/15/2025,WVCA,Y
519801,WVUH TRANSPLANT,ONE MEDICAL CENTER DRIVE,MORGANTOWN,WV,26506,AHO,Adult Heart Only,1/6/2021,1/6/2021,12/18/2024,WVWU,N
519801,WVUH TRANSPLANT,ONE MEDICAL CENTER DRIVE,MORGANTOWN,WV,26506,AKO,Adult Kidney Only,10/28/2020,10/28/2020,12/18/2024,WVWU,N
529801,AURORA ST LUKES MEDICAL CENTER,2900 W OKLAHOMA AVE  5TH FLOOR GALLERIA BUILDING,MILWAUKEE,WI,53215,AHO,Adult Heart Only,5/25/1990,4/29/2009,8/18/2021,WISL,Y
529801,AURORA ST LUKES MEDICAL CENTER,2900 W OKLAHOMA AVE  5TH FLOOR GALLERIA BUILDING,MILWAUKEE,WI,53215,AKO,Adult Kidney Only,7/1/1966,4/29/2009,8/18/2021,WISL,Y
529801,AURORA ST LUKES MEDICAL CENTER,2900 W OKLAHOMA AVE  5TH FLOOR GALLERIA BUILDING,MILWAUKEE,WI,53215,ALI,Adult Liver Only,12/16/2004,4/29/2009,8/18/2021,WISL,Y
529801,AURORA ST LUKES MEDICAL CENTER,2900 W OKLAHOMA AVE  5TH FLOOR GALLERIA BUILDING,MILWAUKEE,WI,53215,ALO,Adult Lung Only,4/24/2009,4/24/2009,8/25/2016,WISL,N
529801,AURORA ST LUKES MEDICAL CENTER,2900 W OKLAHOMA AVE  5TH FLOOR GALLERIA BUILDING,MILWAUKEE,WI,53215,APA,Adult Pancreas,7/1/1966,4/29/2009,8/18/2021,WISL,Y
529802,UNIVERSITY OF WISCONSIN HOSPITALS AND CLINICS,600 HIGHLAND AVE,MADISON,WI,53792,AHL,Adult Heart Lung,2/2/1995,9/23/2009,9/15/2021,WIUW,Y
529802,UNIVERSITY OF WISCONSIN HOSPITALS AND CLINICS,600 HIGHLAND AVE,MADISON,WI,53792,AHO,Adult Heart Only,9/24/1991,9/23/2009,9/15/2021,WIUW,Y
529802,UNIVERSITY OF WISCONSIN HOSPITALS AND CLINICS,600 HIGHLAND AVE,MADISON,WI,53792,AKO,Adult Kidney Only,7/1/1966,9/23/2009,9/15/2021,WIUW,Y
529802,UNIVERSITY OF WISCONSIN HOSPITALS AND CLINICS,600 HIGHLAND AVE,MADISON,WI,53792,ALI,Adult Liver Only,3/8/1990,9/23/2009,9/15/2021,WIUW,Y
529802,UNIVERSITY OF WISCONSIN HOSPITALS AND CLINICS,600 HIGHLAND AVE,MADISON,WI,53792,ALO,Adult Lung Only,2/2/1995,9/23/2009,9/15/2021,WIUW,Y
529802,UNIVERSITY OF WISCONSIN HOSPITALS AND CLINICS,600 HIGHLAND AVE,MADISON,WI,53792,APA,Adult Pancreas,7/1/1966,9/23/2009,9/15/2021,WIUW,Y
529803,CHILDRENS HOSPITAL OF WISCONSIN,9000 W WISCONSIN AVENUE,MILWAUKEE,WI,53226,PHO,Pediatric Heart Only,3/5/2015,3/5/2015,2/7/2024,WICH,N
529803,CHILDRENS HOSPITAL OF WISCONSIN,9000 W WISCONSIN AVENUE,MILWAUKEE,WI,53226,PKO,Pediatric Kidney Only,4/15/2010,4/15/2010,2/7/2024,WICH,N
529803,CHILDRENS HOSPITAL OF WISCONSIN,9000 W WISCONSIN AVENUE,MILWAUKEE,WI,53226,PLI,Pediatric Liver,4/25/2013,4/25/2013,2/7/2024,WICH,N
529804,FROEDTERT MEMORIAL LUTHERAN HOSPITAL,9200 W WISCONSIN AVE,MILWAUKEE,WI,53226,AHO,Adult Heart Only,1/24/2018,1/24/2018,7/16/2025,WISE,N
529804,FROEDTERT MEMORIAL LUTHERAN HOSPITAL,9200 W WISCONSIN AVE,MILWAUKEE,WI,53226,AKO,Adult Kidney Only,11/21/1983,7/21/2010,7/16/2025,WISE,Y
529804,FROEDTERT MEMORIAL LUTHERAN HOSPITAL,9200 W WISCONSIN AVE,MILWAUKEE,WI,53226,ALI,Adult Liver Only,5/19/1995,7/21/2010,7/16/2025,WISE,Y
529804,FROEDTERT MEMORIAL LUTHERAN HOSPITAL,9200 W WISCONSIN AVE,MILWAUKEE,WI,53226,ALI,Adult Liver Only,9/13/2023,9/13/2023,7/16/2025,WISE,N
529804,FROEDTERT MEMORIAL LUTHERAN HOSPITAL,9200 W WISCONSIN AVE,MILWAUKEE,WI,53226,ALO,Adult Lung Only,8/30/2013,8/30/2013,7/16/2025,WISE,N
529804,FROEDTERT MEMORIAL LUTHERAN HOSPITAL,9200 W WISCONSIN AVE,MILWAUKEE,WI,53226,APA,Adult Pancreas,11/21/1983,7/21/2010,7/16/2025,WISE,Y
